dataset,pipeline,signal,iteration,f1,recall,precision,tn,fp,fn,tp,status,elapsed,split,run_id
SMAP,U_aer,A-1,0,0.5,1.0,0.3333333333333333,,2,0,1,OK,26.77263,True,61368e85-0
SMAP,U_aer,A-2,0,1.0,1.0,1.0,,0,0,1,OK,37.045322,True,61368e85-0
SMAP,U_aer,A-3,0,0.6666666666666666,1.0,0.5,,1,0,1,OK,37.435712,True,61368e85-0
SMAP,U_aer,A-4,0,1.0,1.0,1.0,,0,0,1,OK,28.855793,True,61368e85-0
SMAP,U_aer,A-5,0,1.0,1.0,1.0,,0,0,1,OK,17.678422,True,61368e85-0
SMAP,U_aer,A-6,0,0.6666666666666666,1.0,0.5,,1,0,1,OK,16.430558,True,61368e85-0
SMAP,U_aer,A-7,0,0.6666666666666666,1.0,0.5,,1,0,1,OK,39.307063,True,61368e85-0
SMAP,U_aer,A-8,0,0.6666666666666666,1.0,0.5,,1,0,1,OK,22.586922,True,61368e85-0
SMAP,U_aer,A-9,0,1.0,1.0,1.0,,0,0,1,OK,22.508484,True,61368e85-0
YAHOOA3,U_aer,A3Benchmark-TS100,0,1.0,1.0,1.0,,0,0,10,OK,21.794882,False,61368e85-0
YAHOOA3,U_aer,A3Benchmark-TS10,0,0.8750000000000001,0.7777777777777778,1.0,,0,2,7,OK,21.396029,False,61368e85-0
YAHOOA3,U_aer,A3Benchmark-TS11,0,1.0,1.0,1.0,,0,0,7,OK,21.431591,False,61368e85-0
YAHOOA3,U_aer,A3Benchmark-TS12,0,0.8181818181818181,0.6923076923076923,1.0,,0,4,9,OK,21.87432,False,61368e85-0
YAHOOA3,U_aer,A3Benchmark-TS13,0,1.0,1.0,1.0,,0,0,9,OK,21.835771,False,61368e85-0
YAHOOA3,U_aer,A3Benchmark-TS14,0,0.7499999999999999,0.6,1.0,,0,6,9,OK,21.419302,False,61368e85-0
YAHOOA3,U_aer,A3Benchmark-TS15,0,0.923076923076923,1.0,0.8571428571428571,,1,0,6,OK,22.556305,False,61368e85-0
YAHOOA3,U_aer,A3Benchmark-TS16,0,0.5,0.3333333333333333,1.0,,0,6,3,OK,21.637314,False,61368e85-0
YAHOOA3,U_aer,A3Benchmark-TS17,0,1.0,1.0,1.0,,0,0,1,OK,21.948952,False,61368e85-0
YAHOOA3,U_aer,A3Benchmark-TS18,0,0.9090909090909091,0.8333333333333334,1.0,,0,2,10,OK,21.871308,False,61368e85-0
YAHOOA3,U_aer,A3Benchmark-TS19,0,1.0,1.0,1.0,,0,0,10,OK,21.803015,False,61368e85-0
YAHOOA3,U_aer,A3Benchmark-TS1,0,0.9,0.8181818181818182,1.0,,0,2,9,OK,21.318376,False,61368e85-0
YAHOOA3,U_aer,A3Benchmark-TS20,0,0.7368421052631579,0.5833333333333334,1.0,,0,5,7,OK,22.189469,False,61368e85-0
YAHOOA3,U_aer,A3Benchmark-TS21,0,0.9090909090909091,0.8333333333333334,1.0,,0,2,10,OK,21.882425,False,61368e85-0
YAHOOA3,U_aer,A3Benchmark-TS22,0,1.0,1.0,1.0,,0,0,4,OK,21.934364,False,61368e85-0
YAHOOA3,U_aer,A3Benchmark-TS23,0,0.8,0.6666666666666666,1.0,,0,5,10,OK,22.042766,False,61368e85-0
YAHOOA3,U_aer,A3Benchmark-TS24,0,0.9411764705882353,1.0,0.8888888888888888,,1,0,8,OK,21.790532,False,61368e85-0
YAHOOA3,U_aer,A3Benchmark-TS25,0,1.0,1.0,1.0,,0,0,2,OK,21.731634,False,61368e85-0
YAHOOA3,U_aer,A3Benchmark-TS26,0,1.0,1.0,1.0,,0,0,11,OK,21.775172,False,61368e85-0
YAHOOA3,U_aer,A3Benchmark-TS27,0,1.0,1.0,1.0,,0,0,9,OK,22.319964,False,61368e85-0
YAHOOA3,U_aer,A3Benchmark-TS28,0,1.0,1.0,1.0,,0,0,2,OK,21.286515,False,61368e85-0
YAHOOA3,U_aer,A3Benchmark-TS29,0,1.0,1.0,1.0,,0,0,4,OK,21.795866,False,61368e85-0
YAHOOA3,U_aer,A3Benchmark-TS2,0,0.896551724137931,0.8125,1.0,,0,3,13,OK,21.246213,False,61368e85-0
YAHOOA3,U_aer,A3Benchmark-TS30,0,1.0,1.0,1.0,,0,0,8,OK,21.718656,False,61368e85-0
YAHOOA3,U_aer,A3Benchmark-TS31,0,1.0,1.0,1.0,,0,0,7,OK,21.856153,False,61368e85-0
YAHOOA3,U_aer,A3Benchmark-TS32,0,0.88,0.7857142857142857,1.0,,0,3,11,OK,22.111403,False,61368e85-0
YAHOOA3,U_aer,A3Benchmark-TS33,0,1.0,1.0,1.0,,0,0,8,OK,21.802975,False,61368e85-0
YAHOOA3,U_aer,A3Benchmark-TS34,0,1.0,1.0,1.0,,0,0,1,OK,21.93264,False,61368e85-0
YAHOOA3,U_aer,A3Benchmark-TS35,0,1.0,1.0,1.0,,0,0,3,OK,21.808571,False,61368e85-0
YAHOOA3,U_aer,A3Benchmark-TS36,0,1.0,1.0,1.0,,0,0,4,OK,21.591459,False,61368e85-0
YAHOOA3,U_aer,A3Benchmark-TS37,0,0.9473684210526316,0.9,1.0,,0,1,9,OK,21.881867,False,61368e85-0
YAHOOA3,U_aer,A3Benchmark-TS38,0,1.0,1.0,1.0,,0,0,3,OK,21.323227,False,61368e85-0
YAHOOA3,U_aer,A3Benchmark-TS39,0,0.8571428571428571,0.75,1.0,,0,3,9,OK,21.408975,False,61368e85-0
YAHOOA3,U_aer,A3Benchmark-TS3,0,1.0,1.0,1.0,,0,0,6,OK,21.534576,False,61368e85-0
YAHOOA3,U_aer,A3Benchmark-TS40,0,1.0,1.0,1.0,,0,0,9,OK,21.978909,False,61368e85-0
YAHOOA3,U_aer,A3Benchmark-TS41,0,0.923076923076923,0.8571428571428571,1.0,,0,2,12,OK,22.139424,False,61368e85-0
YAHOOA3,U_aer,A3Benchmark-TS42,0,0.8571428571428571,0.75,1.0,,0,4,12,OK,21.970196,False,61368e85-0
YAHOOA3,U_aer,A3Benchmark-TS43,0,0.888888888888889,0.8,1.0,,0,3,12,OK,21.516567,False,61368e85-0
YAHOOA3,U_aer,A3Benchmark-TS44,0,0.896551724137931,0.8125,1.0,,0,3,13,OK,21.573207,False,61368e85-0
YAHOOA3,U_aer,A3Benchmark-TS45,0,1.0,1.0,1.0,,0,0,5,OK,22.311004,False,61368e85-0
YAHOOA3,U_aer,A3Benchmark-TS46,0,1.0,1.0,1.0,,0,0,3,OK,21.316153,False,61368e85-0
YAHOOA3,U_aer,A3Benchmark-TS47,0,0.9285714285714286,0.8666666666666667,1.0,,0,2,13,OK,22.434241,False,61368e85-0
YAHOOA3,U_aer,A3Benchmark-TS48,0,0.8181818181818181,0.6923076923076923,1.0,,0,4,9,OK,21.867135,False,61368e85-0
YAHOOA3,U_aer,A3Benchmark-TS49,0,0.5454545454545454,0.375,1.0,,0,10,6,OK,21.521497,False,61368e85-0
YAHOOA3,U_aer,A3Benchmark-TS4,0,1.0,1.0,1.0,,0,0,6,OK,21.964563,False,61368e85-0
YAHOOA3,U_aer,A3Benchmark-TS50,0,0.923076923076923,0.8571428571428571,1.0,,0,1,6,OK,21.861842,False,61368e85-0
YAHOOA3,U_aer,A3Benchmark-TS51,0,1.0,1.0,1.0,,0,0,13,OK,23.357945,False,61368e85-0
YAHOOA3,U_aer,A3Benchmark-TS52,0,1.0,1.0,1.0,,0,0,6,OK,21.936333,False,61368e85-0
YAHOOA3,U_aer,A3Benchmark-TS53,0,0.7499999999999999,0.6,1.0,,0,6,9,OK,21.8067,False,61368e85-0
YAHOOA3,U_aer,A3Benchmark-TS54,0,0.846153846153846,0.7333333333333333,1.0,,0,4,11,OK,21.758942,False,61368e85-0
YAHOOA3,U_aer,A3Benchmark-TS55,0,0.9565217391304348,0.9166666666666666,1.0,,0,1,11,OK,21.925033,False,61368e85-0
YAHOOA3,U_aer,A3Benchmark-TS56,0,1.0,1.0,1.0,,0,0,1,OK,22.239569,False,61368e85-0
YAHOOA3,U_aer,A3Benchmark-TS57,0,0.8,0.6666666666666666,1.0,,0,3,6,OK,21.787643,False,61368e85-0
YAHOOA3,U_aer,A3Benchmark-TS58,0,1.0,1.0,1.0,,0,0,3,OK,21.958693,False,61368e85-0
YAHOOA3,U_aer,A3Benchmark-TS59,0,0.5333333333333333,0.36363636363636365,1.0,,0,7,4,OK,21.875971,False,61368e85-0
YAHOOA3,U_aer,A3Benchmark-TS5,0,1.0,1.0,1.0,,0,0,2,OK,21.915282,False,61368e85-0
YAHOOA3,U_aer,A3Benchmark-TS60,0,1.0,1.0,1.0,,0,0,12,OK,21.804508,False,61368e85-0
YAHOOA3,U_aer,A3Benchmark-TS61,0,1.0,1.0,1.0,,0,0,13,OK,21.675573,False,61368e85-0
YAHOOA3,U_aer,A3Benchmark-TS62,0,0.9565217391304348,0.9166666666666666,1.0,,0,1,11,OK,22.118351,False,61368e85-0
YAHOOA3,U_aer,A3Benchmark-TS63,0,1.0,1.0,1.0,,0,0,10,OK,22.476103,False,61368e85-0
YAHOOA3,U_aer,A3Benchmark-TS64,0,1.0,1.0,1.0,,0,0,8,OK,21.848202,False,61368e85-0
YAHOOA3,U_aer,A3Benchmark-TS65,0,1.0,1.0,1.0,,0,0,7,OK,22.072259,False,61368e85-0
YAHOOA3,U_aer,A3Benchmark-TS66,0,0.6666666666666666,1.0,0.5,,1,0,1,OK,21.668404,False,61368e85-0
YAHOOA3,U_aer,A3Benchmark-TS67,0,0.896551724137931,0.8125,1.0,,0,3,13,OK,21.526363,False,61368e85-0
YAHOOA3,U_aer,A3Benchmark-TS68,0,0.9333333333333333,0.875,1.0,,0,2,14,OK,22.19743,False,61368e85-0
YAHOOA3,U_aer,A3Benchmark-TS69,0,0.923076923076923,0.8571428571428571,1.0,,0,1,6,OK,21.741997,False,61368e85-0
YAHOOA3,U_aer,A3Benchmark-TS6,0,1.0,1.0,1.0,,0,0,6,OK,21.435842,False,61368e85-0
YAHOOA3,U_aer,A3Benchmark-TS70,0,1.0,1.0,1.0,,0,0,9,OK,21.818974,False,61368e85-0
YAHOOA3,U_aer,A3Benchmark-TS71,0,0.6666666666666666,0.5,1.0,,0,8,8,OK,21.388354,False,61368e85-0
YAHOOA3,U_aer,A3Benchmark-TS72,0,0.4,0.25,1.0,,0,6,2,OK,21.509272,False,61368e85-0
YAHOOA3,U_aer,A3Benchmark-TS73,0,0.0,0.0,0.0,,0,15,0,OK,21.877724,False,61368e85-0
YAHOOA3,U_aer,A3Benchmark-TS74,0,1.0,1.0,1.0,,0,0,6,OK,21.961809,False,61368e85-0
YAHOOA3,U_aer,A3Benchmark-TS75,0,0.923076923076923,0.8571428571428571,1.0,,0,2,12,OK,21.926698,False,61368e85-0
YAHOOA3,U_aer,A3Benchmark-TS76,0,1.0,1.0,1.0,,0,0,5,OK,22.047765,False,61368e85-0
YAHOOA3,U_aer,A3Benchmark-TS77,0,0.8148148148148148,0.6875,1.0,,0,5,11,OK,22.997819,False,61368e85-0
YAHOOA3,U_aer,A3Benchmark-TS78,0,0.888888888888889,0.8,1.0,,0,3,12,OK,21.837624,False,61368e85-0
YAHOOA3,U_aer,A3Benchmark-TS79,0,1.0,1.0,1.0,,0,0,5,OK,21.914436,False,61368e85-0
YAHOOA3,U_aer,A3Benchmark-TS7,0,1.0,1.0,1.0,,0,0,5,OK,21.933848,False,61368e85-0
YAHOOA3,U_aer,A3Benchmark-TS80,0,0.8181818181818181,0.6923076923076923,1.0,,0,4,9,OK,22.179879,False,61368e85-0
YAHOOA3,U_aer,A3Benchmark-TS81,0,1.0,1.0,1.0,,0,0,12,OK,21.558592,False,61368e85-0
YAHOOA3,U_aer,A3Benchmark-TS82,0,0.8333333333333333,0.7142857142857143,1.0,,0,2,5,OK,22.130214,False,61368e85-0
YAHOOA3,U_aer,A3Benchmark-TS83,0,0.9090909090909091,0.8333333333333334,1.0,,0,2,10,OK,21.490046,False,61368e85-0
YAHOOA3,U_aer,A3Benchmark-TS84,0,1.0,1.0,1.0,,0,0,5,OK,21.383696,False,61368e85-0
YAHOOA3,U_aer,A3Benchmark-TS85,0,1.0,1.0,1.0,,0,0,8,OK,21.331304,False,61368e85-0
YAHOOA3,U_aer,A3Benchmark-TS86,0,1.0,1.0,1.0,,0,0,13,OK,21.906365,False,61368e85-0
YAHOOA3,U_aer,A3Benchmark-TS87,0,0.923076923076923,0.8571428571428571,1.0,,0,1,6,OK,22.087262,False,61368e85-0
YAHOOA3,U_aer,A3Benchmark-TS88,0,0.5882352941176471,0.4166666666666667,1.0,,0,7,5,OK,23.909209,False,61368e85-0
YAHOOA3,U_aer,A3Benchmark-TS89,0,1.0,1.0,1.0,,0,0,13,OK,21.872226,False,61368e85-0
YAHOOA3,U_aer,A3Benchmark-TS8,0,0.888888888888889,1.0,0.8,,1,0,4,OK,21.772396,False,61368e85-0
YAHOOA3,U_aer,A3Benchmark-TS90,0,0.888888888888889,0.8,1.0,,0,2,8,OK,22.137854,False,61368e85-0
YAHOOA3,U_aer,A3Benchmark-TS91,0,1.0,1.0,1.0,,0,0,5,OK,21.609658,False,61368e85-0
YAHOOA3,U_aer,A3Benchmark-TS92,0,1.0,1.0,1.0,,0,0,8,OK,21.88171,False,61368e85-0
YAHOOA3,U_aer,A3Benchmark-TS93,0,0.9655172413793104,0.9333333333333333,1.0,,0,1,14,OK,21.647899,False,61368e85-0
YAHOOA3,U_aer,A3Benchmark-TS94,0,1.0,1.0,1.0,,0,0,3,OK,21.660007,False,61368e85-0
YAHOOA3,U_aer,A3Benchmark-TS95,0,0.6666666666666666,0.5,1.0,,0,8,8,OK,21.884123,False,61368e85-0
YAHOOA3,U_aer,A3Benchmark-TS96,0,1.0,1.0,1.0,,0,0,5,OK,22.133113,False,61368e85-0
YAHOOA3,U_aer,A3Benchmark-TS97,0,0.8235294117647058,0.7,1.0,,0,3,7,OK,21.547394,False,61368e85-0
YAHOOA3,U_aer,A3Benchmark-TS98,0,0.9166666666666666,0.8461538461538461,1.0,,0,2,11,OK,21.486106,False,61368e85-0
YAHOOA3,U_aer,A3Benchmark-TS99,0,1.0,1.0,1.0,,0,0,11,OK,21.614275,False,61368e85-0
YAHOOA3,U_aer,A3Benchmark-TS9,0,0.9473684210526316,0.9,1.0,,0,1,9,OK,22.403355,False,61368e85-0
YAHOOA4,U_aer,A4Benchmark-TS100,0,0.8571428571428571,0.8571428571428571,0.8571428571428571,,1,1,6,OK,21.72981,False,61368e85-0
YAHOOA4,U_aer,A4Benchmark-TS10,0,0.8571428571428571,0.75,1.0,,0,1,3,OK,22.03163,False,61368e85-0
YAHOOA4,U_aer,A4Benchmark-TS11,0,0.6666666666666665,0.6,0.75,,1,2,3,OK,21.765579,False,61368e85-0
YAHOOA4,U_aer,A4Benchmark-TS12,0,0.25,0.2,0.3333333333333333,,2,4,1,OK,21.917208,False,61368e85-0
YAHOOA4,U_aer,A4Benchmark-TS13,0,0.962962962962963,0.9285714285714286,1.0,,0,1,13,OK,21.913167,False,61368e85-0
YAHOOA4,U_aer,A4Benchmark-TS14,0,0.7999999999999999,0.7272727272727273,0.8888888888888888,,1,3,8,OK,21.781149,False,61368e85-0
YAHOOA4,U_aer,A4Benchmark-TS15,0,0.7142857142857143,0.5555555555555556,1.0,,0,4,5,OK,21.902461,False,61368e85-0
YAHOOA4,U_aer,A4Benchmark-TS16,0,1.0,1.0,1.0,,0,0,1,OK,21.780446,False,61368e85-0
YAHOOA4,U_aer,A4Benchmark-TS17,0,0.888888888888889,0.8,1.0,,0,2,8,OK,21.974856,False,61368e85-0
YAHOOA4,U_aer,A4Benchmark-TS18,0,0.6666666666666666,1.0,0.5,,1,0,1,OK,21.939957,False,61368e85-0
YAHOOA4,U_aer,A4Benchmark-TS19,0,0.8571428571428571,0.75,1.0,,0,3,9,OK,21.467709,False,61368e85-0
YAHOOA4,U_aer,A4Benchmark-TS1,0,0.5555555555555556,0.38461538461538464,1.0,,0,8,5,OK,21.752809,False,61368e85-0
YAHOOA4,U_aer,A4Benchmark-TS20,0,0.8695652173913044,0.7692307692307693,1.0,,0,3,10,OK,21.843057,False,61368e85-0
YAHOOA4,U_aer,A4Benchmark-TS21,0,0.9166666666666666,0.8461538461538461,1.0,,0,2,11,OK,21.991446,False,61368e85-0
YAHOOA4,U_aer,A4Benchmark-TS22,0,0.5,0.4,0.6666666666666666,,2,6,4,OK,21.850773,False,61368e85-0
YAHOOA4,U_aer,A4Benchmark-TS23,0,1.0,1.0,1.0,,0,0,4,OK,21.546792,False,61368e85-0
YAHOOA4,U_aer,A4Benchmark-TS24,0,0.6153846153846153,0.4444444444444444,1.0,,0,5,4,OK,21.438643,False,61368e85-0
YAHOOA4,U_aer,A4Benchmark-TS25,0,0.0,0.0,0.0,,2,11,0,OK,21.660762,False,61368e85-0
YAHOOA4,U_aer,A4Benchmark-TS26,0,0.8,1.0,0.6666666666666666,,1,0,2,OK,21.573545,False,61368e85-0
YAHOOA4,U_aer,A4Benchmark-TS27,0,0.5,0.3333333333333333,1.0,,0,10,5,OK,21.502569,False,61368e85-0
YAHOOA4,U_aer,A4Benchmark-TS28,0,0.15384615384615385,0.08333333333333333,1.0,,0,11,1,OK,20.631436,False,61368e85-0
YAHOOA4,U_aer,A4Benchmark-TS29,0,0.6666666666666666,0.5,1.0,,0,7,7,OK,21.774201,False,61368e85-0
YAHOOA4,U_aer,A4Benchmark-TS2,0,1.0,1.0,1.0,,0,0,5,OK,21.424683,False,61368e85-0
YAHOOA4,U_aer,A4Benchmark-TS30,0,1.0,1.0,1.0,,0,0,5,OK,21.418061,False,61368e85-0
YAHOOA4,U_aer,A4Benchmark-TS31,0,0.0,0.0,0.0,,2,4,0,OK,16.57929,False,61368e85-0
YAHOOA4,U_aer,A4Benchmark-TS32,0,0.42857142857142855,0.2727272727272727,1.0,,0,8,3,OK,21.822363,False,61368e85-0
YAHOOA4,U_aer,A4Benchmark-TS33,0,0.75,0.75,0.75,,1,1,3,OK,21.646089,False,61368e85-0
YAHOOA4,U_aer,A4Benchmark-TS34,0,0.9333333333333333,0.875,1.0,,0,1,7,OK,21.917255,False,61368e85-0
YAHOOA4,U_aer,A4Benchmark-TS35,0,0.5,0.3333333333333333,1.0,,0,8,4,OK,21.924628,False,61368e85-0
YAHOOA4,U_aer,A4Benchmark-TS36,0,0.7499999999999999,0.6,1.0,,0,6,9,OK,18.857872,False,61368e85-0
YAHOOA4,U_aer,A4Benchmark-TS37,0,1.0,1.0,1.0,,0,0,3,OK,21.618414,False,61368e85-0
YAHOOA4,U_aer,A4Benchmark-TS38,0,0.5714285714285714,0.4444444444444444,0.8,,1,5,4,OK,18.751933,False,61368e85-0
YAHOOA4,U_aer,A4Benchmark-TS39,0,0.7692307692307693,0.625,1.0,,0,6,10,OK,21.81615,False,61368e85-0
YAHOOA4,U_aer,A4Benchmark-TS3,0,0.2857142857142857,0.16666666666666666,1.0,,0,5,1,OK,22.138879,False,61368e85-0
YAHOOA4,U_aer,A4Benchmark-TS40,0,0.5,0.3333333333333333,1.0,,0,4,2,OK,21.723266,False,61368e85-0
YAHOOA4,U_aer,A4Benchmark-TS41,0,0.2666666666666667,0.15384615384615385,1.0,,0,11,2,OK,21.497865,False,61368e85-0
YAHOOA4,U_aer,A4Benchmark-TS42,0,0.8571428571428571,0.75,1.0,,0,1,3,OK,22.138936,False,61368e85-0
YAHOOA4,U_aer,A4Benchmark-TS43,0,0.8421052631578948,0.7272727272727273,1.0,,0,3,8,OK,21.927894,False,61368e85-0
YAHOOA4,U_aer,A4Benchmark-TS44,0,0.5454545454545454,0.375,1.0,,0,10,6,OK,22.129007,False,61368e85-0
YAHOOA4,U_aer,A4Benchmark-TS45,0,1.0,1.0,1.0,,0,0,7,OK,21.788455,False,61368e85-0
YAHOOA4,U_aer,A4Benchmark-TS46,0,0.6153846153846153,0.4444444444444444,1.0,,0,5,4,OK,21.927401,False,61368e85-0
YAHOOA4,U_aer,A4Benchmark-TS47,0,1.0,1.0,1.0,,0,0,1,OK,18.228881,False,61368e85-0
YAHOOA4,U_aer,A4Benchmark-TS48,0,0.4,0.25,1.0,,0,9,3,OK,21.926912,False,61368e85-0
YAHOOA4,U_aer,A4Benchmark-TS49,0,1.0,1.0,1.0,,0,0,9,OK,21.628874,False,61368e85-0
YAHOOA4,U_aer,A4Benchmark-TS4,0,0.9090909090909091,0.8333333333333334,1.0,,0,1,5,OK,21.988359,False,61368e85-0
YAHOOA4,U_aer,A4Benchmark-TS50,0,0.7272727272727273,0.5714285714285714,1.0,,0,3,4,OK,21.781534,False,61368e85-0
YAHOOA4,U_aer,A4Benchmark-TS51,0,1.0,1.0,1.0,,0,0,1,OK,21.754099,False,61368e85-0
YAHOOA4,U_aer,A4Benchmark-TS52,0,0.9,0.8181818181818182,1.0,,0,2,9,OK,22.014562,False,61368e85-0
YAHOOA4,U_aer,A4Benchmark-TS53,0,0.5714285714285715,1.0,0.4,,3,0,2,OK,21.980741,False,61368e85-0
YAHOOA4,U_aer,A4Benchmark-TS54,0,0.8571428571428571,1.0,0.75,,1,0,3,OK,21.795896,False,61368e85-0
YAHOOA4,U_aer,A4Benchmark-TS55,0,1.0,1.0,1.0,,0,0,2,OK,21.19607,False,61368e85-0
YAHOOA4,U_aer,A4Benchmark-TS56,0,0.7692307692307693,0.625,1.0,,0,6,10,OK,21.777884,False,61368e85-0
YAHOOA4,U_aer,A4Benchmark-TS57,0,0.9090909090909091,0.8333333333333334,1.0,,0,1,5,OK,21.89482,False,61368e85-0
YAHOOA4,U_aer,A4Benchmark-TS58,0,0.18181818181818182,0.125,0.3333333333333333,,2,7,1,OK,21.340179,False,61368e85-0
YAHOOA4,U_aer,A4Benchmark-TS59,0,0.0,0.0,0.0,,1,1,0,OK,17.261795,False,61368e85-0
YAHOOA4,U_aer,A4Benchmark-TS5,0,1.0,1.0,1.0,,0,0,6,OK,21.862202,False,61368e85-0
YAHOOA4,U_aer,A4Benchmark-TS60,0,0.7499999999999999,1.0,0.6,,2,0,3,OK,21.824862,False,61368e85-0
YAHOOA4,U_aer,A4Benchmark-TS61,0,1.0,1.0,1.0,,0,0,3,OK,21.825025,False,61368e85-0
YAHOOA4,U_aer,A4Benchmark-TS62,0,0.4444444444444445,0.2857142857142857,1.0,,0,10,4,OK,15.016359,False,61368e85-0
YAHOOA4,U_aer,A4Benchmark-TS63,0,1.0,1.0,1.0,,0,0,7,OK,21.789008,False,61368e85-0
YAHOOA4,U_aer,A4Benchmark-TS64,0,0.7499999999999999,0.6,1.0,,0,2,3,OK,21.915701,False,61368e85-0
YAHOOA4,U_aer,A4Benchmark-TS65,0,0.8,0.6666666666666666,1.0,,0,5,10,OK,21.853743,False,61368e85-0
YAHOOA4,U_aer,A4Benchmark-TS66,0,0.0,0.0,0.0,,3,1,0,OK,21.478346,False,61368e85-0
YAHOOA4,U_aer,A4Benchmark-TS67,0,0.8333333333333333,0.7142857142857143,1.0,,0,4,10,OK,21.233284,False,61368e85-0
YAHOOA4,U_aer,A4Benchmark-TS68,0,1.0,1.0,1.0,,0,0,1,OK,22.068089,False,61368e85-0
YAHOOA4,U_aer,A4Benchmark-TS69,0,0.8,1.0,0.6666666666666666,,1,0,2,OK,21.715452,False,61368e85-0
YAHOOA4,U_aer,A4Benchmark-TS6,0,1.0,1.0,1.0,,0,0,8,OK,21.871449,False,61368e85-0
YAHOOA4,U_aer,A4Benchmark-TS70,0,1.0,1.0,1.0,,0,0,4,OK,21.463997,False,61368e85-0
YAHOOA4,U_aer,A4Benchmark-TS71,0,0.18181818181818182,0.1,1.0,,0,9,1,OK,21.788092,False,61368e85-0
YAHOOA4,U_aer,A4Benchmark-TS72,0,0.7499999999999999,0.6,1.0,,0,2,3,OK,21.729892,False,61368e85-0
YAHOOA4,U_aer,A4Benchmark-TS73,0,1.0,1.0,1.0,,0,0,5,OK,21.741112,False,61368e85-0
YAHOOA4,U_aer,A4Benchmark-TS74,0,0.8,1.0,0.6666666666666666,,1,0,2,OK,22.050661,False,61368e85-0
YAHOOA4,U_aer,A4Benchmark-TS75,0,0.761904761904762,0.6153846153846154,1.0,,0,5,8,OK,21.885444,False,61368e85-0
YAHOOA4,U_aer,A4Benchmark-TS76,0,0.5333333333333333,0.36363636363636365,1.0,,0,7,4,OK,18.000436,False,61368e85-0
YAHOOA4,U_aer,A4Benchmark-TS77,0,0.5,0.3333333333333333,1.0,,0,8,4,OK,18.927443,False,61368e85-0
YAHOOA4,U_aer,A4Benchmark-TS78,0,0.7000000000000001,0.5384615384615384,1.0,,0,6,7,OK,21.379781,False,61368e85-0
YAHOOA4,U_aer,A4Benchmark-TS79,0,0.5,0.3333333333333333,1.0,,0,2,1,OK,18.185296,False,61368e85-0
YAHOOA4,U_aer,A4Benchmark-TS7,0,0.6363636363636364,0.5,0.875,,1,7,7,OK,20.707842,False,61368e85-0
YAHOOA4,U_aer,A4Benchmark-TS80,0,0.5882352941176471,0.4166666666666667,1.0,,0,7,5,OK,21.742467,False,61368e85-0
YAHOOA4,U_aer,A4Benchmark-TS81,0,0.8,0.6666666666666666,1.0,,0,3,6,OK,21.629192,False,61368e85-0
YAHOOA4,U_aer,A4Benchmark-TS82,0,0.88,0.7857142857142857,1.0,,0,3,11,OK,22.000003,False,61368e85-0
YAHOOA4,U_aer,A4Benchmark-TS83,0,0.7499999999999999,1.0,0.6,,2,0,3,OK,21.208589,False,61368e85-0
YAHOOA4,U_aer,A4Benchmark-TS84,0,0.6666666666666666,0.6666666666666666,0.6666666666666666,,1,1,2,OK,21.797291,False,61368e85-0
YAHOOA4,U_aer,A4Benchmark-TS85,0,0.5454545454545454,0.375,1.0,,0,10,6,OK,17.901739,False,61368e85-0
YAHOOA4,U_aer,A4Benchmark-TS86,0,0.9655172413793104,0.9333333333333333,1.0,,0,1,14,OK,21.757722,False,61368e85-0
YAHOOA4,U_aer,A4Benchmark-TS87,0,1.0,1.0,1.0,,0,0,1,OK,21.631801,False,61368e85-0
YAHOOA4,U_aer,A4Benchmark-TS88,0,0.5555555555555556,0.38461538461538464,1.0,,0,8,5,OK,21.86304,False,61368e85-0
YAHOOA4,U_aer,A4Benchmark-TS89,0,1.0,1.0,1.0,,0,0,9,OK,21.80168,False,61368e85-0
YAHOOA4,U_aer,A4Benchmark-TS8,0,0.7826086956521738,0.6923076923076923,0.9,,1,4,9,OK,22.084751,False,61368e85-0
YAHOOA4,U_aer,A4Benchmark-TS90,0,0.8,0.6666666666666666,1.0,,0,4,8,OK,21.870394,False,61368e85-0
YAHOOA4,U_aer,A4Benchmark-TS91,0,0.26666666666666666,0.16666666666666666,0.6666666666666666,,1,10,2,OK,21.970818,False,61368e85-0
YAHOOA4,U_aer,A4Benchmark-TS92,0,1.0,1.0,1.0,,0,0,15,OK,21.978082,False,61368e85-0
YAHOOA4,U_aer,A4Benchmark-TS93,0,0.6666666666666666,0.5,1.0,,0,3,3,OK,21.437312,False,61368e85-0
YAHOOA4,U_aer,A4Benchmark-TS94,0,0.761904761904762,0.6153846153846154,1.0,,0,5,8,OK,21.859121,False,61368e85-0
YAHOOA4,U_aer,A4Benchmark-TS95,0,0.888888888888889,0.8,1.0,,0,1,4,OK,21.858326,False,61368e85-0
YAHOOA4,U_aer,A4Benchmark-TS96,0,1.0,1.0,1.0,,0,0,2,OK,21.974635,False,61368e85-0
YAHOOA4,U_aer,A4Benchmark-TS97,0,0.5833333333333334,0.4375,0.875,,1,9,7,OK,21.784825,False,61368e85-0
YAHOOA4,U_aer,A4Benchmark-TS98,0,0.888888888888889,0.8,1.0,,0,3,12,OK,21.954986,False,61368e85-0
YAHOOA4,U_aer,A4Benchmark-TS99,0,0.608695652173913,0.4666666666666667,0.875,,1,8,7,OK,21.720796,False,61368e85-0
YAHOOA4,U_aer,A4Benchmark-TS9,0,0.0,0.0,0.0,,2,1,0,OK,21.744869,False,61368e85-0
artificialWithAnomaly,U_aer,art_daily_flatmiddle,0,0.5,1.0,0.3333333333333333,,2,0,1,OK,32.071479,False,61368e85-0
artificialWithAnomaly,U_aer,art_daily_jumpsdown,0,0.0,0.0,0.0,,0,1,0,OK,24.939848,False,61368e85-0
artificialWithAnomaly,U_aer,art_daily_jumpsup,0,1.0,1.0,1.0,,0,0,1,OK,24.654817,False,61368e85-0
artificialWithAnomaly,U_aer,art_daily_nojump,0,0.0,0.0,0.0,,1,1,0,OK,24.997725,False,61368e85-0
artificialWithAnomaly,U_aer,art_increase_spike_density,0,1.0,1.0,1.0,,0,0,1,OK,25.167661,False,61368e85-0
artificialWithAnomaly,U_aer,art_load_balancer_spikes,0,0.4,1.0,0.25,,3,0,1,OK,25.120634,False,61368e85-0
SMAP,U_aer,B-1,0,0.0,0.0,0.0,,1,1,0,OK,25.668668,True,61368e85-0
MSL,U_aer,C-1,0,0.4,0.5,0.3333333333333333,,2,1,1,OK,22.449111,True,61368e85-0
MSL,U_aer,C-2,0,0.0,0.0,0.0,,0,2,0,OK,14.767261,True,61368e85-0
SMAP,U_aer,D-11,0,1.0,1.0,1.0,,0,0,1,OK,23.212497,True,61368e85-0
SMAP,U_aer,D-12,0,1.0,1.0,1.0,,0,0,1,OK,18.463666,True,61368e85-0
SMAP,U_aer,D-13,0,0.6666666666666666,1.0,0.5,,1,0,1,OK,22.215064,True,61368e85-0
MSL,U_aer,D-14,0,0.6666666666666666,1.0,0.5,,2,0,2,OK,22.476286,True,61368e85-0
MSL,U_aer,D-15,0,0.0,0.0,0.0,,0,1,0,OK,25.735581,True,61368e85-0
MSL,U_aer,D-16,0,0.0,0.0,0.0,,1,1,0,OK,18.4937,True,61368e85-0
SMAP,U_aer,D-1,0,0.6666666666666666,1.0,0.5,,1,0,1,OK,38.544308,True,61368e85-0
SMAP,U_aer,D-2,0,1.0,1.0,1.0,,0,0,1,OK,26.65852,True,61368e85-0
SMAP,U_aer,D-3,0,0.5,1.0,0.3333333333333333,,2,0,1,OK,29.969113,True,61368e85-0
SMAP,U_aer,D-4,0,0.5,1.0,0.3333333333333333,,2,0,1,OK,32.184114,True,61368e85-0
SMAP,U_aer,D-5,0,0.0,0.0,0.0,,0,1,0,OK,35.277677,True,61368e85-0
SMAP,U_aer,D-6,0,0.6666666666666666,1.0,0.5,,1,0,1,OK,36.150735,True,61368e85-0
SMAP,U_aer,D-7,0,1.0,1.0,1.0,,0,0,1,OK,26.211647,True,61368e85-0
SMAP,U_aer,D-8,0,0.5,1.0,0.3333333333333333,,2,0,1,OK,25.737915,True,61368e85-0
SMAP,U_aer,D-9,0,1.0,1.0,1.0,,0,0,1,OK,26.482097,True,61368e85-0
SMAP,U_aer,E-10,0,0.8,1.0,0.6666666666666666,,1,0,2,OK,39.44269,True,61368e85-0
SMAP,U_aer,E-11,0,0.8,1.0,0.6666666666666666,,1,0,2,OK,39.445319,True,61368e85-0
SMAP,U_aer,E-12,0,0.6666666666666666,0.5,1.0,,0,1,1,OK,39.362286,True,61368e85-0
SMAP,U_aer,E-13,0,0.5,0.3333333333333333,1.0,,0,2,1,OK,38.946005,True,61368e85-0
SMAP,U_aer,E-1,0,1.0,1.0,1.0,,0,0,2,OK,39.428279,True,61368e85-0
SMAP,U_aer,E-2,0,1.0,1.0,1.0,,0,0,1,OK,39.60024,True,61368e85-0
SMAP,U_aer,E-3,0,1.0,1.0,1.0,,0,0,1,OK,38.602957,True,61368e85-0
SMAP,U_aer,E-4,0,0.0,0.0,0.0,,1,1,0,OK,38.822553,True,61368e85-0
SMAP,U_aer,E-5,0,0.0,0.0,0.0,,0,1,0,OK,38.915142,True,61368e85-0
SMAP,U_aer,E-6,0,0.5,1.0,0.3333333333333333,,2,0,1,OK,39.258534,True,61368e85-0
SMAP,U_aer,E-7,0,0.6666666666666666,1.0,0.5,,1,0,1,OK,38.409384,True,61368e85-0
SMAP,U_aer,E-8,0,0.6666666666666666,1.0,0.5,,1,0,1,OK,38.859117,True,61368e85-0
SMAP,U_aer,E-9,0,1.0,1.0,1.0,,0,0,1,OK,38.66219,True,61368e85-0
realAWSCloudwatch,U_aer,ec2_cpu_utilization_24ae8d,0,0.25,1.0,0.14285714285714285,,12,0,2,OK,17.669204,False,61368e85-0
realAWSCloudwatch,U_aer,ec2_cpu_utilization_53ea38,0,0.8,1.0,0.6666666666666666,,1,0,2,OK,18.947545,False,61368e85-0
realAWSCloudwatch,U_aer,ec2_cpu_utilization_5f5533,0,1.0,1.0,1.0,,0,0,2,OK,18.135412,False,61368e85-0
realAWSCloudwatch,U_aer,ec2_cpu_utilization_77c1ca,0,1.0,1.0,1.0,,0,0,1,OK,24.881928,False,61368e85-0
realAWSCloudwatch,U_aer,ec2_cpu_utilization_825cc2,0,1.0,1.0,1.0,,0,0,1,OK,20.67921,False,61368e85-0
realAWSCloudwatch,U_aer,ec2_cpu_utilization_ac20cd,0,0.5,1.0,0.3333333333333333,,2,0,1,OK,16.300887,False,61368e85-0
realAWSCloudwatch,U_aer,ec2_cpu_utilization_c6585a,0,0.0,0.0,0.0,,14,0,0,OK,19.911218,False,61368e85-0
realAWSCloudwatch,U_aer,ec2_cpu_utilization_fe7f93,0,0.8,0.6666666666666666,1.0,,0,1,2,OK,25.436638,False,61368e85-0
realAWSCloudwatch,U_aer,ec2_disk_write_bytes_1ef3de,0,1.0,1.0,1.0,,0,0,1,OK,24.257552,False,61368e85-0
realAWSCloudwatch,U_aer,ec2_disk_write_bytes_c0d644,0,0.4,0.3333333333333333,0.5,,1,2,1,OK,19.079368,False,61368e85-0
realAWSCloudwatch,U_aer,ec2_network_in_257a54,0,0.6666666666666666,1.0,0.5,,1,0,1,OK,17.358456,False,61368e85-0
realAWSCloudwatch,U_aer,ec2_network_in_5abac7,0,0.6666666666666666,0.5,1.0,,0,1,1,OK,24.449212,False,61368e85-0
realAWSCloudwatch,U_aer,elb_request_count_8c0756,0,1.0,1.0,1.0,,0,0,2,OK,25.189533,False,61368e85-0
realAdExchange,U_aer,exchange-2_cpc_results,0,0.4,1.0,0.25,,3,0,1,OK,21.840359,False,61368e85-0
realAdExchange,U_aer,exchange-2_cpm_results,0,0.8,1.0,0.6666666666666666,,1,0,2,OK,22.081733,False,61368e85-0
realAdExchange,U_aer,exchange-3_cpc_results,0,0.8571428571428571,1.0,0.75,,1,0,3,OK,18.813521,False,61368e85-0
realAdExchange,U_aer,exchange-3_cpm_results,0,0.33333333333333337,1.0,0.2,,4,0,1,OK,18.575199,False,61368e85-0
realAdExchange,U_aer,exchange-4_cpm_results,0,0.888888888888889,1.0,0.8,,1,0,4,OK,16.896828,False,61368e85-0
SMAP,U_aer,F-1,0,0.0,0.0,0.0,,1,1,0,OK,39.480477,True,61368e85-0
SMAP,U_aer,F-2,0,1.0,1.0,1.0,,0,0,1,OK,32.067974,True,61368e85-0
SMAP,U_aer,F-3,0,0.0,0.0,0.0,,0,1,0,OK,38.009506,True,61368e85-0
MSL,U_aer,F-4,0,0.0,0.0,0.0,,5,1,0,OK,28.652227,True,61368e85-0
MSL,U_aer,F-5,0,0.4,1.0,0.25,,3,0,1,OK,22.201071,True,61368e85-0
MSL,U_aer,F-7,0,0.0,0.0,0.0,,0,3,0,OK,32.270194,True,61368e85-0
MSL,U_aer,F-8,0,0.5,1.0,0.3333333333333333,,2,0,1,OK,36.680377,True,61368e85-0
SMAP,U_aer,G-1,0,0.0,0.0,0.0,,0,1,0,OK,33.963837,True,61368e85-0
SMAP,U_aer,G-2,0,0.6666666666666666,1.0,0.5,,1,0,1,OK,25.037352,True,61368e85-0
SMAP,U_aer,G-3,0,0.6666666666666666,1.0,0.5,,1,0,1,OK,27.674975,True,61368e85-0
SMAP,U_aer,G-4,0,1.0,1.0,1.0,,0,0,1,OK,34.93137,True,61368e85-0
SMAP,U_aer,G-6,0,0.6666666666666666,1.0,0.5,,1,0,1,OK,35.664164,True,61368e85-0
SMAP,U_aer,G-7,0,0.8571428571428571,1.0,0.75,,1,0,3,OK,28.462918,True,61368e85-0
realAWSCloudwatch,U_aer,grok_asg_anomaly,0,0.5,0.3333333333333333,1.0,,0,2,1,OK,17.050668,False,61368e85-0
realAWSCloudwatch,U_aer,iio_us-east-1_i-a2eb1cd9_NetworkIn,0,1.0,1.0,1.0,,0,0,2,OK,13.024573,False,61368e85-0
MSL,U_aer,M-1,0,0.5,1.0,0.3333333333333333,,2,0,1,OK,26.75457,True,61368e85-0
MSL,U_aer,M-2,0,0.0,0.0,0.0,,0,1,0,OK,26.909366,True,61368e85-0
MSL,U_aer,M-3,0,0.0,0.0,0.0,,1,1,0,OK,25.652635,True,61368e85-0
MSL,U_aer,M-4,0,0.0,0.0,0.0,,0,1,0,OK,25.673701,True,61368e85-0
MSL,U_aer,M-5,0,1.0,1.0,1.0,,0,0,1,OK,25.820992,True,61368e85-0
MSL,U_aer,M-6,0,0.5,1.0,0.3333333333333333,,2,0,1,OK,232.736823,True,61368e85-0
MSL,U_aer,M-7,0,0.5,1.0,0.3333333333333333,,2,0,1,OK,16.842831,True,61368e85-0
realTraffic,U_aer,occupancy_6005,0,0.6666666666666666,1.0,0.5,,1,0,1,OK,28.047339,False,61368e85-0
realTraffic,U_aer,occupancy_t4013,0,0.6666666666666666,0.5,1.0,,0,1,1,OK,28.04243,False,61368e85-0
MSL,U_aer,P-10,0,1.0,1.0,1.0,,0,0,1,OK,40.534448,True,61368e85-0
MSL,U_aer,P-11,0,0.8,1.0,0.6666666666666666,,1,0,2,OK,42.545058,True,61368e85-0
MSL,U_aer,P-14,0,1.0,1.0,1.0,,0,0,1,OK,21.526942,True,61368e85-0
MSL,U_aer,P-15,0,1.0,1.0,1.0,,0,0,1,OK,39.036661,True,61368e85-0
SMAP,U_aer,P-1,0,0.0,0.0,0.0,,0,3,0,OK,39.223776,True,61368e85-0
SMAP,U_aer,P-3,0,0.6666666666666666,1.0,0.5,,1,0,1,OK,31.430614,True,61368e85-0
SMAP,U_aer,P-4,0,0.8571428571428571,1.0,0.75,,1,0,3,OK,30.269799,True,61368e85-0
SMAP,U_aer,P-7,0,1.0,1.0,1.0,,0,0,1,OK,37.523171,True,61368e85-0
SMAP,U_aer,R-1,0,1.0,1.0,1.0,,0,0,1,OK,25.876597,True,61368e85-0
realAWSCloudwatch,U_aer,rds_cpu_utilization_cc0c53,0,0.6666666666666666,0.5,1.0,,0,1,1,OK,16.879196,False,61368e85-0
realAWSCloudwatch,U_aer,rds_cpu_utilization_e47b3b,0,0.8,1.0,0.6666666666666666,,1,0,2,OK,22.507184,False,61368e85-0
YAHOOA1,U_aer,real_10,0,0.6666666666666666,1.0,0.5,,1,0,1,OK,19.458768,False,61368e85-0
YAHOOA1,U_aer,real_11,0,1.0,1.0,1.0,,0,0,1,OK,16.245045,False,61368e85-0
YAHOOA1,U_aer,real_12,0,0.8,1.0,0.6666666666666666,,1,0,2,OK,16.456332,False,61368e85-0
YAHOOA1,U_aer,real_13,0,1.0,1.0,1.0,,0,0,3,OK,19.423362,False,61368e85-0
YAHOOA1,U_aer,real_14,0,0.4,1.0,0.25,,3,0,1,OK,18.650135,False,61368e85-0
YAHOOA1,U_aer,real_15,0,0.8571428571428571,1.0,0.75,,1,0,3,OK,19.676898,False,61368e85-0
YAHOOA1,U_aer,real_16,0,1.0,1.0,1.0,,0,0,1,OK,17.544476,False,61368e85-0
YAHOOA1,U_aer,real_17,0,0.3333333333333333,0.3333333333333333,0.3333333333333333,,2,2,1,OK,19.457837,False,61368e85-0
YAHOOA1,U_aer,real_18,0,0.5,1.0,0.3333333333333333,,2,0,1,OK,19.854118,False,61368e85-0
YAHOOA1,U_aer,real_19,0,0.8,0.6666666666666666,1.0,,0,1,2,OK,19.494558,False,61368e85-0
YAHOOA1,U_aer,real_1,0,1.0,1.0,1.0,,0,0,2,OK,15.801307,False,61368e85-0
YAHOOA1,U_aer,real_20,0,0.5714285714285715,0.6666666666666666,0.5,,2,1,2,OK,19.936168,False,61368e85-0
YAHOOA1,U_aer,real_21,0,1.0,1.0,1.0,,0,0,2,OK,15.140396,False,61368e85-0
YAHOOA1,U_aer,real_22,0,0.4,1.0,0.25,,3,0,1,OK,14.346554,False,61368e85-0
YAHOOA1,U_aer,real_23,0,0.9600000000000001,1.0,0.9230769230769231,,1,0,12,OK,19.651682,False,61368e85-0
YAHOOA1,U_aer,real_24,0,1.0,1.0,1.0,,0,0,3,OK,18.22831,False,61368e85-0
YAHOOA1,U_aer,real_25,0,0.0,0.0,0.0,,1,1,0,OK,14.710423,False,61368e85-0
YAHOOA1,U_aer,real_26,0,0.0,0.0,0.0,,1,5,0,OK,15.432174,False,61368e85-0
YAHOOA1,U_aer,real_27,0,0.4,0.5,0.3333333333333333,,2,1,1,OK,19.696185,False,61368e85-0
YAHOOA1,U_aer,real_28,0,0.6666666666666665,0.75,0.6,,2,1,3,OK,19.52151,False,61368e85-0
YAHOOA1,U_aer,real_29,0,1.0,1.0,1.0,,0,0,5,OK,19.509754,False,61368e85-0
YAHOOA1,U_aer,real_2,0,0.8,1.0,0.6666666666666666,,1,0,2,OK,15.269126,False,61368e85-0
YAHOOA1,U_aer,real_30,0,1.0,1.0,1.0,,0,0,2,OK,19.24331,False,61368e85-0
YAHOOA1,U_aer,real_31,0,0.25,0.5,0.16666666666666666,,5,1,1,OK,19.890202,False,61368e85-0
YAHOOA1,U_aer,real_32,0,0.3333333333333333,0.5,0.25,,3,1,1,OK,19.403804,False,61368e85-0
YAHOOA1,U_aer,real_33,0,0.5,1.0,0.3333333333333333,,2,0,1,OK,18.222552,False,61368e85-0
YAHOOA1,U_aer,real_34,0,0.6666666666666665,0.75,0.6,,2,1,3,OK,19.721232,False,61368e85-0
YAHOOA1,U_aer,real_35,0,0.0,0.0,0.0,,0,0,0,OK,19.55533,False,61368e85-0
YAHOOA1,U_aer,real_36,0,1.0,1.0,1.0,,0,0,2,OK,15.472215,False,61368e85-0
YAHOOA1,U_aer,real_37,0,0.0,0.0,0.0,,1,2,0,OK,19.768149,False,61368e85-0
YAHOOA1,U_aer,real_38,0,0.5,0.6666666666666666,0.4,,3,1,2,OK,19.993127,False,61368e85-0
YAHOOA1,U_aer,real_39,0,0.5714285714285715,0.5,0.6666666666666666,,1,2,2,OK,19.778545,False,61368e85-0
YAHOOA1,U_aer,real_3,0,0.6666666666666666,0.5,1.0,,0,1,1,OK,17.82099,False,61368e85-0
YAHOOA1,U_aer,real_40,0,0.0,0.0,0.0,,2,2,0,OK,19.331911,False,61368e85-0
YAHOOA1,U_aer,real_41,0,0.8571428571428571,1.0,0.75,,1,0,3,OK,16.236017,False,61368e85-0
YAHOOA1,U_aer,real_42,0,0.6666666666666666,1.0,0.5,,3,0,3,OK,19.884329,False,61368e85-0
YAHOOA1,U_aer,real_43,0,0.8,0.6666666666666666,1.0,,0,1,2,OK,19.858819,False,61368e85-0
YAHOOA1,U_aer,real_44,0,0.8571428571428571,1.0,0.75,,1,0,3,OK,18.794055,False,61368e85-0
YAHOOA1,U_aer,real_45,0,1.0,1.0,1.0,,0,0,1,OK,17.215144,False,61368e85-0
YAHOOA1,U_aer,real_46,0,0.5714285714285715,0.6666666666666666,0.5,,2,1,2,OK,19.671487,False,61368e85-0
YAHOOA1,U_aer,real_47,0,0.9090909090909091,1.0,0.8333333333333334,,1,0,5,OK,19.204763,False,61368e85-0
YAHOOA1,U_aer,real_48,0,0.4,1.0,0.25,,3,0,1,OK,15.722912,False,61368e85-0
YAHOOA1,U_aer,real_49,0,0.5,1.0,0.3333333333333333,,2,0,1,OK,19.72117,False,61368e85-0
YAHOOA1,U_aer,real_4,0,0.6666666666666666,1.0,0.5,,3,0,3,OK,14.973036,False,61368e85-0
YAHOOA1,U_aer,real_50,0,0.5,1.0,0.3333333333333333,,2,0,1,OK,19.463923,False,61368e85-0
YAHOOA1,U_aer,real_51,0,0.8571428571428571,1.0,0.75,,1,0,3,OK,19.258649,False,61368e85-0
YAHOOA1,U_aer,real_52,0,0.8571428571428571,0.75,1.0,,0,1,3,OK,19.70051,False,61368e85-0
YAHOOA1,U_aer,real_53,0,1.0,1.0,1.0,,0,0,4,OK,17.09789,False,61368e85-0
YAHOOA1,U_aer,real_54,0,0.8,1.0,0.6666666666666666,,1,0,2,OK,13.048187,False,61368e85-0
YAHOOA1,U_aer,real_55,0,0.75,0.75,0.75,,1,1,3,OK,19.933832,False,61368e85-0
YAHOOA1,U_aer,real_56,0,0.5714285714285715,0.5,0.6666666666666666,,1,2,2,OK,19.549286,False,61368e85-0
YAHOOA1,U_aer,real_57,0,0.4,0.3333333333333333,0.5,,1,2,1,OK,19.403875,False,61368e85-0
YAHOOA1,U_aer,real_58,0,0.0,0.0,0.0,,3,1,0,OK,14.338838,False,61368e85-0
YAHOOA1,U_aer,real_59,0,0.0,0.0,0.0,,1,0,0,OK,17.959577,False,61368e85-0
YAHOOA1,U_aer,real_5,0,0.6666666666666666,1.0,0.5,,1,0,1,OK,15.426353,False,61368e85-0
YAHOOA1,U_aer,real_60,0,0.8000000000000002,0.8,0.8,,1,1,4,OK,15.094694,False,61368e85-0
YAHOOA1,U_aer,real_61,0,0.4,0.5,0.3333333333333333,,2,1,1,OK,19.735719,False,61368e85-0
YAHOOA1,U_aer,real_62,0,0.9090909090909091,1.0,0.8333333333333334,,1,0,5,OK,11.85531,False,61368e85-0
YAHOOA1,U_aer,real_63,0,1.0,1.0,1.0,,0,0,1,OK,19.959882,False,61368e85-0
YAHOOA1,U_aer,real_64,0,0.0,0.0,0.0,,2,0,0,OK,15.83743,False,61368e85-0
YAHOOA1,U_aer,real_65,0,1.0,1.0,1.0,,0,0,3,OK,19.994571,False,61368e85-0
YAHOOA1,U_aer,real_66,0,0.8333333333333334,0.8333333333333334,0.8333333333333334,,1,1,5,OK,14.364892,False,61368e85-0
YAHOOA1,U_aer,real_67,0,0.9090909090909091,1.0,0.8333333333333334,,1,0,5,OK,19.686413,False,61368e85-0
YAHOOA1,U_aer,real_6,0,0.4,1.0,0.25,,3,0,1,OK,19.994924,False,61368e85-0
YAHOOA1,U_aer,real_7,0,0.6666666666666666,0.6666666666666666,0.6666666666666666,,1,1,2,OK,14.681841,False,61368e85-0
YAHOOA1,U_aer,real_8,0,0.8571428571428571,1.0,0.75,,1,0,3,OK,19.845508,False,61368e85-0
YAHOOA1,U_aer,real_9,0,1.0,1.0,1.0,,0,0,4,OK,16.837388,False,61368e85-0
SMAP,U_aer,S-1,0,0.0,0.0,0.0,,0,1,0,OK,37.107708,True,61368e85-0
MSL,U_aer,S-2,0,0.5,1.0,0.3333333333333333,,2,0,1,OK,16.547731,True,61368e85-0
realTraffic,U_aer,speed_6005,0,0.6666666666666666,1.0,0.5,,1,0,1,OK,28.872313,False,61368e85-0
realTraffic,U_aer,speed_7578,0,0.8,1.0,0.6666666666666666,,2,0,4,OK,16.427427,False,61368e85-0
realTraffic,U_aer,speed_t4013,0,0.8,1.0,0.6666666666666666,,1,0,2,OK,27.946318,False,61368e85-0
YAHOOA2,U_aer,synthetic_100,0,1.0,1.0,1.0,,0,0,2,OK,19.918563,False,61368e85-0
YAHOOA2,U_aer,synthetic_10,0,1.0,1.0,1.0,,0,0,2,OK,20.016359,False,61368e85-0
YAHOOA2,U_aer,synthetic_11,0,1.0,1.0,1.0,,0,0,3,OK,18.219756,False,61368e85-0
YAHOOA2,U_aer,synthetic_12,0,0.6666666666666666,1.0,0.5,,1,0,1,OK,19.983549,False,61368e85-0
YAHOOA2,U_aer,synthetic_13,0,0.8,1.0,0.6666666666666666,,1,0,2,OK,19.584554,False,61368e85-0
YAHOOA2,U_aer,synthetic_14,0,1.0,1.0,1.0,,0,0,3,OK,20.065652,False,61368e85-0
YAHOOA2,U_aer,synthetic_15,0,0.5,1.0,0.3333333333333333,,2,0,1,OK,19.575001,False,61368e85-0
YAHOOA2,U_aer,synthetic_16,0,1.0,1.0,1.0,,0,0,2,OK,19.846368,False,61368e85-0
YAHOOA2,U_aer,synthetic_17,0,1.0,1.0,1.0,,0,0,3,OK,19.597016,False,61368e85-0
YAHOOA2,U_aer,synthetic_18,0,0.6666666666666666,1.0,0.5,,1,0,1,OK,18.179157,False,61368e85-0
YAHOOA2,U_aer,synthetic_19,0,1.0,1.0,1.0,,0,0,2,OK,19.863887,False,61368e85-0
YAHOOA2,U_aer,synthetic_1,0,1.0,1.0,1.0,,0,0,2,OK,19.931179,False,61368e85-0
YAHOOA2,U_aer,synthetic_20,0,1.0,1.0,1.0,,0,0,3,OK,18.713918,False,61368e85-0
YAHOOA2,U_aer,synthetic_21,0,0.6666666666666666,1.0,0.5,,1,0,1,OK,20.212137,False,61368e85-0
YAHOOA2,U_aer,synthetic_22,0,1.0,1.0,1.0,,0,0,2,OK,19.877404,False,61368e85-0
YAHOOA2,U_aer,synthetic_23,0,1.0,1.0,1.0,,0,0,3,OK,20.302053,False,61368e85-0
YAHOOA2,U_aer,synthetic_24,0,0.0,0.0,0.0,,1,1,0,OK,19.692268,False,61368e85-0
YAHOOA2,U_aer,synthetic_25,0,1.0,1.0,1.0,,0,0,2,OK,19.749838,False,61368e85-0
YAHOOA2,U_aer,synthetic_26,0,1.0,1.0,1.0,,0,0,3,OK,19.956032,False,61368e85-0
YAHOOA2,U_aer,synthetic_27,0,0.6666666666666666,1.0,0.5,,1,0,1,OK,19.400565,False,61368e85-0
YAHOOA2,U_aer,synthetic_28,0,0.8,1.0,0.6666666666666666,,1,0,2,OK,19.146817,False,61368e85-0
YAHOOA2,U_aer,synthetic_29,0,1.0,1.0,1.0,,0,0,3,OK,19.743642,False,61368e85-0
YAHOOA2,U_aer,synthetic_2,0,0.8571428571428571,1.0,0.75,,1,0,3,OK,19.471236,False,61368e85-0
YAHOOA2,U_aer,synthetic_30,0,1.0,1.0,1.0,,0,0,1,OK,19.915229,False,61368e85-0
YAHOOA2,U_aer,synthetic_31,0,1.0,1.0,1.0,,0,0,2,OK,17.727041,False,61368e85-0
YAHOOA2,U_aer,synthetic_32,0,1.0,1.0,1.0,,0,0,3,OK,19.968525,False,61368e85-0
YAHOOA2,U_aer,synthetic_33,0,0.6666666666666666,1.0,0.5,,1,0,1,OK,19.419873,False,61368e85-0
YAHOOA2,U_aer,synthetic_34,0,1.0,1.0,1.0,,0,0,2,OK,19.507444,False,61368e85-0
YAHOOA2,U_aer,synthetic_35,0,1.0,1.0,1.0,,0,0,3,OK,20.433053,False,61368e85-0
YAHOOA2,U_aer,synthetic_36,0,0.0,0.0,0.0,,1,1,0,OK,19.551067,False,61368e85-0
YAHOOA2,U_aer,synthetic_37,0,1.0,1.0,1.0,,0,0,2,OK,20.248181,False,61368e85-0
YAHOOA2,U_aer,synthetic_38,0,1.0,1.0,1.0,,0,0,3,OK,18.145503,False,61368e85-0
YAHOOA2,U_aer,synthetic_39,0,1.0,1.0,1.0,,0,0,1,OK,20.134178,False,61368e85-0
YAHOOA2,U_aer,synthetic_3,0,0.6666666666666666,1.0,0.5,,1,0,1,OK,19.457927,False,61368e85-0
YAHOOA2,U_aer,synthetic_40,0,1.0,1.0,1.0,,0,0,2,OK,19.577844,False,61368e85-0
YAHOOA2,U_aer,synthetic_41,0,1.0,1.0,1.0,,0,0,3,OK,19.55038,False,61368e85-0
YAHOOA2,U_aer,synthetic_42,0,1.0,1.0,1.0,,0,0,1,OK,17.516427,False,61368e85-0
YAHOOA2,U_aer,synthetic_43,0,1.0,1.0,1.0,,0,0,2,OK,19.559859,False,61368e85-0
YAHOOA2,U_aer,synthetic_44,0,1.0,1.0,1.0,,0,0,3,OK,19.567367,False,61368e85-0
YAHOOA2,U_aer,synthetic_45,0,0.6666666666666666,1.0,0.5,,1,0,1,OK,19.649352,False,61368e85-0
YAHOOA2,U_aer,synthetic_46,0,1.0,1.0,1.0,,0,0,2,OK,19.863013,False,61368e85-0
YAHOOA2,U_aer,synthetic_47,0,1.0,1.0,1.0,,0,0,3,OK,20.230992,False,61368e85-0
YAHOOA2,U_aer,synthetic_48,0,0.6666666666666666,1.0,0.5,,1,0,1,OK,19.555392,False,61368e85-0
YAHOOA2,U_aer,synthetic_49,0,1.0,1.0,1.0,,0,0,2,OK,16.495931,False,61368e85-0
YAHOOA2,U_aer,synthetic_4,0,1.0,1.0,1.0,,0,0,2,OK,20.140459,False,61368e85-0
YAHOOA2,U_aer,synthetic_50,0,1.0,1.0,1.0,,0,0,3,OK,19.269811,False,61368e85-0
YAHOOA2,U_aer,synthetic_51,0,0.6666666666666666,1.0,0.5,,1,0,1,OK,16.3076,False,61368e85-0
YAHOOA2,U_aer,synthetic_52,0,1.0,1.0,1.0,,0,0,2,OK,19.661188,False,61368e85-0
YAHOOA2,U_aer,synthetic_53,0,1.0,1.0,1.0,,0,0,3,OK,20.173361,False,61368e85-0
YAHOOA2,U_aer,synthetic_54,0,0.0,0.0,0.0,,1,1,0,OK,19.310992,False,61368e85-0
YAHOOA2,U_aer,synthetic_55,0,1.0,1.0,1.0,,0,0,2,OK,19.773807,False,61368e85-0
YAHOOA2,U_aer,synthetic_56,0,1.0,1.0,1.0,,0,0,3,OK,19.379723,False,61368e85-0
YAHOOA2,U_aer,synthetic_57,0,0.6666666666666666,1.0,0.5,,1,0,1,OK,18.845566,False,61368e85-0
YAHOOA2,U_aer,synthetic_58,0,1.0,1.0,1.0,,0,0,2,OK,19.918954,False,61368e85-0
YAHOOA2,U_aer,synthetic_59,0,1.0,1.0,1.0,,0,0,3,OK,20.070194,False,61368e85-0
YAHOOA2,U_aer,synthetic_5,0,0.8571428571428571,1.0,0.75,,1,0,3,OK,19.851686,False,61368e85-0
YAHOOA2,U_aer,synthetic_60,0,1.0,1.0,1.0,,0,0,1,OK,20.168337,False,61368e85-0
YAHOOA2,U_aer,synthetic_61,0,1.0,1.0,1.0,,0,0,2,OK,19.922705,False,61368e85-0
YAHOOA2,U_aer,synthetic_62,0,1.0,1.0,1.0,,0,0,3,OK,19.902848,False,61368e85-0
YAHOOA2,U_aer,synthetic_63,0,1.0,1.0,1.0,,0,0,1,OK,15.124357,False,61368e85-0
YAHOOA2,U_aer,synthetic_64,0,0.8,1.0,0.6666666666666666,,1,0,2,OK,19.889178,False,61368e85-0
YAHOOA2,U_aer,synthetic_65,0,1.0,1.0,1.0,,0,0,3,OK,20.038997,False,61368e85-0
YAHOOA2,U_aer,synthetic_66,0,0.6666666666666666,1.0,0.5,,1,0,1,OK,19.588463,False,61368e85-0
YAHOOA2,U_aer,synthetic_67,0,1.0,1.0,1.0,,0,0,2,OK,19.463941,False,61368e85-0
YAHOOA2,U_aer,synthetic_68,0,0.8571428571428571,1.0,0.75,,1,0,3,OK,19.631624,False,61368e85-0
YAHOOA2,U_aer,synthetic_69,0,1.0,1.0,1.0,,0,0,1,OK,20.045827,False,61368e85-0
YAHOOA2,U_aer,synthetic_6,0,1.0,1.0,1.0,,0,0,1,OK,19.613712,False,61368e85-0
YAHOOA2,U_aer,synthetic_70,0,1.0,1.0,1.0,,0,0,2,OK,20.392809,False,61368e85-0
YAHOOA2,U_aer,synthetic_71,0,0.8571428571428571,1.0,0.75,,1,0,3,OK,19.867341,False,61368e85-0
YAHOOA2,U_aer,synthetic_72,0,1.0,1.0,1.0,,0,0,1,OK,19.159237,False,61368e85-0
YAHOOA2,U_aer,synthetic_73,0,1.0,1.0,1.0,,0,0,2,OK,19.467436,False,61368e85-0
YAHOOA2,U_aer,synthetic_74,0,1.0,1.0,1.0,,0,0,3,OK,19.777705,False,61368e85-0
YAHOOA2,U_aer,synthetic_75,0,0.6666666666666666,1.0,0.5,,1,0,1,OK,20.526218,False,61368e85-0
YAHOOA2,U_aer,synthetic_76,0,1.0,1.0,1.0,,0,0,2,OK,19.930295,False,61368e85-0
YAHOOA2,U_aer,synthetic_77,0,1.0,1.0,1.0,,0,0,3,OK,15.343685,False,61368e85-0
YAHOOA2,U_aer,synthetic_78,0,0.6666666666666666,1.0,0.5,,1,0,1,OK,19.84757,False,61368e85-0
YAHOOA2,U_aer,synthetic_79,0,1.0,1.0,1.0,,0,0,2,OK,16.067919,False,61368e85-0
YAHOOA2,U_aer,synthetic_7,0,1.0,1.0,1.0,,0,0,2,OK,19.308165,False,61368e85-0
YAHOOA2,U_aer,synthetic_80,0,1.0,1.0,1.0,,0,0,3,OK,17.949296,False,61368e85-0
YAHOOA2,U_aer,synthetic_81,0,1.0,1.0,1.0,,0,0,1,OK,19.542822,False,61368e85-0
YAHOOA2,U_aer,synthetic_82,0,1.0,1.0,1.0,,0,0,2,OK,20.009918,False,61368e85-0
YAHOOA2,U_aer,synthetic_83,0,1.0,1.0,1.0,,0,0,3,OK,16.611172,False,61368e85-0
YAHOOA2,U_aer,synthetic_84,0,1.0,1.0,1.0,,0,0,1,OK,19.818921,False,61368e85-0
YAHOOA2,U_aer,synthetic_85,0,1.0,1.0,1.0,,0,0,2,OK,19.799374,False,61368e85-0
YAHOOA2,U_aer,synthetic_86,0,1.0,1.0,1.0,,0,0,3,OK,17.694105,False,61368e85-0
YAHOOA2,U_aer,synthetic_87,0,0.6666666666666666,1.0,0.5,,1,0,1,OK,19.638725,False,61368e85-0
YAHOOA2,U_aer,synthetic_88,0,1.0,1.0,1.0,,0,0,2,OK,17.946201,False,61368e85-0
YAHOOA2,U_aer,synthetic_89,0,1.0,1.0,1.0,,0,0,3,OK,20.17898,False,61368e85-0
YAHOOA2,U_aer,synthetic_8,0,1.0,1.0,1.0,,0,0,3,OK,20.401768,False,61368e85-0
YAHOOA2,U_aer,synthetic_90,0,0.6666666666666666,1.0,0.5,,1,0,1,OK,19.928026,False,61368e85-0
YAHOOA2,U_aer,synthetic_91,0,0.8,1.0,0.6666666666666666,,1,0,2,OK,16.561402,False,61368e85-0
YAHOOA2,U_aer,synthetic_92,0,1.0,1.0,1.0,,0,0,3,OK,19.691683,False,61368e85-0
YAHOOA2,U_aer,synthetic_93,0,1.0,1.0,1.0,,0,0,1,OK,14.235081,False,61368e85-0
YAHOOA2,U_aer,synthetic_94,0,1.0,1.0,1.0,,0,0,2,OK,19.706296,False,61368e85-0
YAHOOA2,U_aer,synthetic_95,0,1.0,1.0,1.0,,0,0,3,OK,19.739125,False,61368e85-0
YAHOOA2,U_aer,synthetic_96,0,0.6666666666666666,1.0,0.5,,1,0,1,OK,18.894105,False,61368e85-0
YAHOOA2,U_aer,synthetic_97,0,1.0,1.0,1.0,,0,0,2,OK,19.891183,False,61368e85-0
YAHOOA2,U_aer,synthetic_98,0,1.0,1.0,1.0,,0,0,3,OK,19.388913,False,61368e85-0
YAHOOA2,U_aer,synthetic_99,0,0.6666666666666666,1.0,0.5,,1,0,1,OK,19.737032,False,61368e85-0
YAHOOA2,U_aer,synthetic_9,0,1.0,1.0,1.0,,0,0,1,OK,17.806976,False,61368e85-0
MSL,U_aer,T-12,0,0.0,0.0,0.0,,0,1,0,OK,19.029352,True,61368e85-0
MSL,U_aer,T-13,0,0.6666666666666666,0.5,1.0,,0,1,1,OK,18.97066,True,61368e85-0
SMAP,U_aer,T-1,0,0.6666666666666666,0.5,1.0,,0,1,1,OK,39.268272,True,61368e85-0
SMAP,U_aer,T-2,0,0.0,0.0,0.0,,0,1,0,OK,39.336766,True,61368e85-0
SMAP,U_aer,T-3,0,0.8,1.0,0.6666666666666666,,1,0,2,OK,38.484522,True,61368e85-0
MSL,U_aer,T-4,0,1.0,1.0,1.0,,0,0,1,OK,27.163835,True,61368e85-0
MSL,U_aer,T-5,0,0.6666666666666666,1.0,0.5,,1,0,1,OK,18.228452,True,61368e85-0
MSL,U_aer,T-8,0,0.4444444444444445,1.0,0.2857142857142857,,5,0,2,OK,14.728046,True,61368e85-0
MSL,U_aer,T-9,0,1.0,1.0,1.0,,0,0,2,OK,11.852511,True,61368e85-0
realTraffic,U_aer,TravelTime_387,0,0.4,0.6666666666666666,0.2857142857142857,,5,1,2,OK,96.309253,False,61368e85-0
realTraffic,U_aer,TravelTime_451,0,0.4,1.0,0.25,,3,0,1,OK,40.177362,False,61368e85-0
realTweets,U_aer,Twitter_volume_AAPL,0,0.5714285714285715,0.5,0.6666666666666666,,1,2,2,OK,42.777502,False,61368e85-0
realTweets,U_aer,Twitter_volume_AMZN,0,0.75,0.75,0.75,,1,1,3,OK,47.565069,False,61368e85-0
realTweets,U_aer,Twitter_volume_CRM,0,0.8571428571428571,1.0,0.75,,1,0,3,OK,43.107348,False,61368e85-0
realTweets,U_aer,Twitter_volume_CVS,0,0.8571428571428571,1.0,0.75,,1,0,3,OK,39.698369,False,61368e85-0
realTweets,U_aer,Twitter_volume_FB,0,0.5714285714285715,1.0,0.4,,3,0,2,OK,41.017059,False,61368e85-0
realTweets,U_aer,Twitter_volume_GOOG,0,0.5,0.6666666666666666,0.4,,3,1,2,OK,70.984082,False,61368e85-0
realTweets,U_aer,Twitter_volume_IBM,0,0.4,0.5,0.3333333333333333,,2,1,1,OK,81.119477,False,61368e85-0
realTweets,U_aer,Twitter_volume_KO,0,0.5,0.6666666666666666,0.4,,3,1,2,OK,39.368622,False,61368e85-0
realTweets,U_aer,Twitter_volume_PFE,0,0.6666666666666666,0.5,1.0,,0,2,2,OK,78.750174,False,61368e85-0
realTweets,U_aer,Twitter_volume_UPS,0,0.0,0.0,0.0,,4,5,0,OK,79.033934,False,61368e85-0
UCR,U_aer-UCR,001-DISTORTED1sddb40,0,0.4,1.0,0.25,,3,0,1,OK,322.497636,True,4a49f2c2-c
UCR,U_aer-UCR,002-DISTORTED2sddb40,0,0.0,0.0,0.0,,2,1,0,OK,407.462213,True,4a49f2c2-c
UCR,U_aer-UCR,003-DISTORTED3sddb40,0,0.5,1.0,0.3333333333333333,,2,0,1,OK,315.143164,True,4a49f2c2-c
UCR,U_aer-UCR,004-DISTORTEDBIDMC1,0,0.6666666666666666,1.0,0.5,,1,0,1,OK,35.806696,True,4a49f2c2-c
UCR,U_aer-UCR,005-DISTORTEDCIMIS44AirTemperature1,0,0.6666666666666666,1.0,0.5,,1,0,1,OK,43.030583,True,4a49f2c2-c
UCR,U_aer-UCR,006-DISTORTEDCIMIS44AirTemperature2,0,0.6666666666666666,1.0,0.5,,1,0,1,OK,43.213258,True,4a49f2c2-c
UCR,U_aer-UCR,007-DISTORTEDCIMIS44AirTemperature3,0,1.0,1.0,1.0,,0,0,1,OK,43.325292,True,4a49f2c2-c
UCR,U_aer-UCR,008-DISTORTEDCIMIS44AirTemperature4,0,1.0,1.0,1.0,,0,0,1,OK,43.063993,True,4a49f2c2-c
UCR,U_aer-UCR,009-DISTORTEDCIMIS44AirTemperature5,0,1.0,1.0,1.0,,0,0,1,OK,42.504942,True,4a49f2c2-c
UCR,U_aer-UCR,010-DISTORTEDCIMIS44AirTemperature6,0,0.6666666666666666,1.0,0.5,,1,0,1,OK,43.513126,True,4a49f2c2-c
UCR,U_aer-UCR,011-DISTORTEDECG1,0,0.2857142857142857,1.0,0.16666666666666666,,5,0,1,OK,105.196868,True,4a49f2c2-c
UCR,U_aer-UCR,012-DISTORTEDECG2,0,0.33333333333333337,1.0,0.2,,4,0,1,OK,138.975965,True,4a49f2c2-c
UCR,U_aer-UCR,013-DISTORTEDECG3,0,0.6666666666666666,1.0,0.5,,1,0,1,OK,141.841375,True,4a49f2c2-c
UCR,U_aer-UCR,014-DISTORTEDECG3,0,1.0,1.0,1.0,,0,0,1,OK,92.716411,True,4a49f2c2-c
UCR,U_aer-UCR,015-DISTORTEDECG4,0,1.0,1.0,1.0,,0,0,1,OK,282.05817,True,4a49f2c2-c
UCR,U_aer-UCR,016-DISTORTEDECG4,0,0.6666666666666666,1.0,0.5,,1,0,1,OK,78.116837,True,4a49f2c2-c
UCR,U_aer-UCR,017-DISTORTEDECG4,0,1.0,1.0,1.0,,0,0,1,OK,77.69775,True,4a49f2c2-c
UCR,U_aer-UCR,018-DISTORTEDECG4,0,0.0,0.0,0.0,,1,1,0,OK,96.043017,True,4a49f2c2-c
UCR,U_aer-UCR,019-DISTORTEDGP711MarkerLFM5z1,0,0.6666666666666666,1.0,0.5,,1,0,1,OK,53.837736,True,4a49f2c2-c
UCR,U_aer-UCR,020-DISTORTEDGP711MarkerLFM5z2,0,0.5,1.0,0.3333333333333333,,2,0,1,OK,54.204319,True,4a49f2c2-c
UCR,U_aer-UCR,021-DISTORTEDGP711MarkerLFM5z3,0,1.0,1.0,1.0,,0,0,1,OK,53.859585,True,4a49f2c2-c
UCR,U_aer-UCR,022-DISTORTEDGP711MarkerLFM5z4,0,1.0,1.0,1.0,,0,0,1,OK,46.917664,True,4a49f2c2-c
UCR,U_aer-UCR,023-DISTORTEDGP711MarkerLFM5z5,0,0.5,1.0,0.3333333333333333,,2,0,1,OK,54.089932,True,4a49f2c2-c
UCR,U_aer-UCR,024-DISTORTEDInternalBleeding10,0,0.6666666666666666,1.0,0.5,,1,0,1,OK,37.598997,True,4a49f2c2-c
UCR,U_aer-UCR,025-DISTORTEDInternalBleeding14,0,0.4,1.0,0.25,,3,0,1,OK,33.873488,True,4a49f2c2-c
UCR,U_aer-UCR,026-DISTORTEDInternalBleeding15,0,0.5,1.0,0.3333333333333333,,2,0,1,OK,27.260336,True,4a49f2c2-c
UCR,U_aer-UCR,027-DISTORTEDInternalBleeding16,0,1.0,1.0,1.0,,0,0,1,OK,23.037589,True,4a49f2c2-c
UCR,U_aer-UCR,028-DISTORTEDInternalBleeding17,0,0.5,1.0,0.3333333333333333,,2,0,1,OK,25.552699,True,4a49f2c2-c
UCR,U_aer-UCR,029-DISTORTEDInternalBleeding18,0,0.6666666666666666,1.0,0.5,,1,0,1,OK,30.614935,True,4a49f2c2-c
UCR,U_aer-UCR,030-DISTORTEDInternalBleeding19,0,0.6666666666666666,1.0,0.5,,1,0,1,OK,35.26052,True,4a49f2c2-c
UCR,U_aer-UCR,031-DISTORTEDInternalBleeding20,0,0.6666666666666666,1.0,0.5,,1,0,1,OK,33.64137,True,4a49f2c2-c
UCR,U_aer-UCR,032-DISTORTEDInternalBleeding4,0,0.5,1.0,0.3333333333333333,,2,0,1,OK,23.824881,True,4a49f2c2-c
UCR,U_aer-UCR,033-DISTORTEDInternalBleeding5,0,1.0,1.0,1.0,,0,0,1,OK,42.47569,True,4a49f2c2-c
UCR,U_aer-UCR,034-DISTORTEDInternalBleeding6,0,0.6666666666666666,1.0,0.5,,1,0,1,OK,25.570286,True,4a49f2c2-c
UCR,U_aer-UCR,035-DISTORTEDInternalBleeding8,0,0.0,0.0,0.0,,1,1,0,OK,31.952631,True,4a49f2c2-c
UCR,U_aer-UCR,036-DISTORTEDInternalBleeding9,0,0.0,0.0,0.0,,0,1,0,OK,43.545931,True,4a49f2c2-c
UCR,U_aer-UCR,037-DISTORTEDLab2Cmac011215EPG1,0,1.0,1.0,1.0,,0,0,1,OK,74.718228,True,4a49f2c2-c
UCR,U_aer-UCR,038-DISTORTEDLab2Cmac011215EPG2,0,0.0,0.0,0.0,,0,1,0,OK,75.812361,True,4a49f2c2-c
UCR,U_aer-UCR,039-DISTORTEDLab2Cmac011215EPG3,0,1.0,1.0,1.0,,0,0,1,OK,72.309241,True,4a49f2c2-c
UCR,U_aer-UCR,040-DISTORTEDLab2Cmac011215EPG4,0,0.0,0.0,0.0,,1,1,0,OK,78.521908,True,4a49f2c2-c
UCR,U_aer-UCR,041-DISTORTEDLab2Cmac011215EPG5,0,0.6666666666666666,1.0,0.5,,1,0,1,OK,89.433863,True,4a49f2c2-c
UCR,U_aer-UCR,042-DISTORTEDLab2Cmac011215EPG6,0,0.0,0.0,0.0,,1,1,0,OK,85.093448,True,4a49f2c2-c
UCR,U_aer-UCR,043-DISTORTEDMesoplodonDensirostris,0,0.0,0.0,0.0,,0,1,0,OK,101.714445,True,4a49f2c2-c
UCR,U_aer-UCR,044-DISTORTEDPowerDemand1,0,1.0,1.0,1.0,,0,0,1,OK,100.375936,True,4a49f2c2-c
UCR,U_aer-UCR,045-DISTORTEDPowerDemand2,0,0.0,0.0,0.0,,2,1,0,OK,131.913015,True,4a49f2c2-c
UCR,U_aer-UCR,046-DISTORTEDPowerDemand3,0,0.5,1.0,0.3333333333333333,,2,0,1,OK,143.750206,True,4a49f2c2-c
UCR,U_aer-UCR,047-DISTORTEDPowerDemand4,0,0.6666666666666666,1.0,0.5,,1,0,1,OK,158.601895,True,4a49f2c2-c
UCR,U_aer-UCR,048-DISTORTEDTkeepFifthMARS,0,1.0,1.0,1.0,,0,0,1,OK,45.40212,True,4a49f2c2-c
UCR,U_aer-UCR,049-DISTORTEDTkeepFirstMARS,0,0.0,0.0,0.0,,3,1,0,OK,42.62711,True,4a49f2c2-c
UCR,U_aer-UCR,050-DISTORTEDTkeepForthMARS,0,0.0,0.0,0.0,,2,1,0,OK,43.861037,True,4a49f2c2-c
UCR,U_aer-UCR,051-DISTORTEDTkeepSecondMARS,0,0.5,1.0,0.3333333333333333,,2,0,1,OK,44.264098,True,4a49f2c2-c
UCR,U_aer-UCR,052-DISTORTEDTkeepThirdMARS,0,0.6666666666666666,1.0,0.5,,1,0,1,OK,43.391984,True,4a49f2c2-c
UCR,U_aer-UCR,053-DISTORTEDWalkingAceleration1,0,0.0,0.0,0.0,,2,1,0,OK,25.979438,True,4a49f2c2-c
UCR,U_aer-UCR,054-DISTORTEDWalkingAceleration5,0,0.6666666666666666,1.0,0.5,,1,0,1,OK,34.377805,True,4a49f2c2-c
UCR,U_aer-UCR,055-DISTORTEDapneaecg2,0,0.6666666666666666,1.0,0.5,,1,0,1,OK,117.501026,True,4a49f2c2-c
UCR,U_aer-UCR,056-DISTORTEDapneaecg3,0,1.0,1.0,1.0,,0,0,1,OK,150.328338,True,4a49f2c2-c
UCR,U_aer-UCR,057-DISTORTEDapneaecg4,0,0.0,0.0,0.0,,0,1,0,OK,87.079752,True,4a49f2c2-c
UCR,U_aer-UCR,058-DISTORTEDapneaecg,0,0.0,0.0,0.0,,0,1,0,OK,118.871954,True,4a49f2c2-c
UCR,U_aer-UCR,059-DISTORTEDgait1,0,0.0,0.0,0.0,,0,1,0,OK,189.524973,True,4a49f2c2-c
UCR,U_aer-UCR,060-DISTORTEDgait2,0,0.0,0.0,0.0,,0,1,0,OK,223.36754,True,4a49f2c2-c
UCR,U_aer-UCR,061-DISTORTEDgait3,0,0.0,0.0,0.0,,0,1,0,OK,236.775547,True,4a49f2c2-c
UCR,U_aer-UCR,062-DISTORTEDgaitHunt1,0,0.0,0.0,0.0,,1,1,0,OK,190.454981,True,4a49f2c2-c
UCR,U_aer-UCR,063-DISTORTEDgaitHunt2,0,0.6666666666666666,1.0,0.5,,1,0,1,OK,197.071596,True,4a49f2c2-c
UCR,U_aer-UCR,064-DISTORTEDgaitHunt3,0,0.0,0.0,0.0,,0,1,0,OK,221.785287,True,4a49f2c2-c
UCR,U_aer-UCR,065-DISTORTEDinsectEPG1,0,0.0,0.0,0.0,,0,1,0,OK,38.444917,True,4a49f2c2-c
UCR,U_aer-UCR,066-DISTORTEDinsectEPG2,0,0.6666666666666666,1.0,0.5,,1,0,1,OK,43.947146,True,4a49f2c2-c
UCR,U_aer-UCR,067-DISTORTEDinsectEPG3,0,0.0,0.0,0.0,,2,1,0,OK,53.848459,True,4a49f2c2-c
UCR,U_aer-UCR,068-DISTORTEDinsectEPG4,0,0.6666666666666666,1.0,0.5,,1,0,1,OK,27.583893,True,4a49f2c2-c
UCR,U_aer-UCR,069-DISTORTEDinsectEPG5,0,0.6666666666666666,1.0,0.5,,1,0,1,OK,41.257873,True,4a49f2c2-c
UCR,U_aer-UCR,070-DISTORTEDltstdbs30791AI,0,0.6666666666666666,1.0,0.5,,1,0,1,OK,143.826128,True,4a49f2c2-c
UCR,U_aer-UCR,071-DISTORTEDltstdbs30791AS,0,0.4,1.0,0.25,,3,0,1,OK,192.136093,True,4a49f2c2-c
UCR,U_aer-UCR,072-DISTORTEDltstdbs30791ES,0,1.0,1.0,1.0,,0,0,1,OK,162.858558,True,4a49f2c2-c
UCR,U_aer-UCR,073-DISTORTEDpark3m,0,1.0,1.0,1.0,,0,0,1,OK,313.334537,True,4a49f2c2-c
UCR,U_aer-UCR,074-DISTORTEDqtdbSel1005V,0,0.0,0.0,0.0,,0,1,0,OK,73.187378,True,4a49f2c2-c
UCR,U_aer-UCR,075-DISTORTEDqtdbSel100MLII,0,0.0,0.0,0.0,,0,1,0,OK,65.521553,True,4a49f2c2-c
UCR,U_aer-UCR,076-DISTORTEDresperation10,0,0.0,0.0,0.0,,0,1,0,OK,349.366053,True,4a49f2c2-c
UCR,U_aer-UCR,077-DISTORTEDresperation11,0,0.0,0.0,0.0,,0,1,0,OK,372.175736,True,4a49f2c2-c
UCR,U_aer-UCR,078-DISTORTEDresperation1,0,0.0,0.0,0.0,,0,1,0,OK,525.278492,True,4a49f2c2-c
UCR,U_aer-UCR,079-DISTORTEDresperation2,0,0.0,0.0,0.0,,0,1,0,OK,370.746029,True,4a49f2c2-c
UCR,U_aer-UCR,080-DISTORTEDresperation2,0,0.0,0.0,0.0,,0,1,0,OK,336.735759,True,4a49f2c2-c
UCR,U_aer-UCR,081-DISTORTEDresperation3,0,0.0,0.0,0.0,,0,1,0,OK,395.355036,True,4a49f2c2-c
UCR,U_aer-UCR,082-DISTORTEDresperation4,0,0.0,0.0,0.0,,0,1,0,OK,386.03791,True,4a49f2c2-c
UCR,U_aer-UCR,083-DISTORTEDresperation9,0,1.0,1.0,1.0,,0,0,1,OK,462.280417,True,4a49f2c2-c
UCR,U_aer-UCR,084-DISTORTEDs20101mML2,0,1.0,1.0,1.0,,0,0,1,OK,136.295258,True,4a49f2c2-c
UCR,U_aer-UCR,085-DISTORTEDs20101m,0,1.0,1.0,1.0,,0,0,1,OK,117.319629,True,4a49f2c2-c
UCR,U_aer-UCR,086-DISTORTEDsddb49,0,1.0,1.0,1.0,,0,0,1,OK,142.777256,True,4a49f2c2-c
UCR,U_aer-UCR,087-DISTORTEDsel840mECG1,0,1.0,1.0,1.0,,0,0,1,OK,175.160564,True,4a49f2c2-c
UCR,U_aer-UCR,088-DISTORTEDsel840mECG2,0,0.0,0.0,0.0,,4,1,0,OK,168.673561,True,4a49f2c2-c
UCR,U_aer-UCR,089-DISTORTEDtiltAPB1,0,0.6666666666666666,1.0,0.5,,1,0,1,OK,628.025747,True,4a49f2c2-c
UCR,U_aer-UCR,090-DISTORTEDtiltAPB2,0,0.0,0.0,0.0,,0,1,0,OK,258.253201,True,4a49f2c2-c
UCR,U_aer-UCR,091-DISTORTEDtiltAPB3,0,0.0,0.0,0.0,,0,1,0,OK,243.870676,True,4a49f2c2-c
UCR,U_aer-UCR,092-DISTORTEDtiltAPB4,0,1.0,1.0,1.0,,0,0,1,OK,234.68692,True,4a49f2c2-c
UCR,U_aer-UCR,093-NOISE1sddb40,0,0.5,1.0,0.3333333333333333,,2,0,1,OK,257.498441,True,4a49f2c2-c
UCR,U_aer-UCR,094-NOISEBIDMC1,0,1.0,1.0,1.0,,0,0,1,OK,36.889696,True,4a49f2c2-c
UCR,U_aer-UCR,095-NOISECIMIS44AirTemperature4,0,1.0,1.0,1.0,,0,0,1,OK,43.54233,True,4a49f2c2-c
UCR,U_aer-UCR,096-NOISEECG4,0,1.0,1.0,1.0,,0,0,1,OK,73.835347,True,4a49f2c2-c
UCR,U_aer-UCR,097-NOISEGP711MarkerLFM5z3,0,0.5,1.0,0.3333333333333333,,2,0,1,OK,50.859651,True,4a49f2c2-c
UCR,U_aer-UCR,098-NOISEInternalBleeding16,0,1.0,1.0,1.0,,0,0,1,OK,25.195681,True,4a49f2c2-c
UCR,U_aer-UCR,099-NOISEInternalBleeding6,0,0.6666666666666666,1.0,0.5,,1,0,1,OK,27.683037,True,4a49f2c2-c
UCR,U_aer-UCR,100-NOISELab2Cmac011215EPG1,0,0.5,1.0,0.3333333333333333,,2,0,1,OK,71.814154,True,4a49f2c2-c
UCR,U_aer-UCR,101-NOISELab2Cmac011215EPG4,0,0.0,0.0,0.0,,1,1,0,OK,78.761212,True,4a49f2c2-c
UCR,U_aer-UCR,102-NOISEMesoplodonDensirostris,0,0.0,0.0,0.0,,0,1,0,OK,87.544383,True,4a49f2c2-c
UCR,U_aer-UCR,103-NOISETkeepThirdMARS,0,0.6666666666666666,1.0,0.5,,1,0,1,OK,42.254629,True,4a49f2c2-c
UCR,U_aer-UCR,104-NOISEapneaecg4,0,0.0,0.0,0.0,,0,1,0,OK,88.181153,True,4a49f2c2-c
UCR,U_aer-UCR,105-NOISEgait3,0,0.0,0.0,0.0,,0,1,0,OK,194.50124,True,4a49f2c2-c
UCR,U_aer-UCR,106-NOISEgaitHunt2,0,0.0,0.0,0.0,,0,1,0,OK,164.070088,True,4a49f2c2-c
UCR,U_aer-UCR,107-NOISEinsectEPG3,0,0.0,0.0,0.0,,3,1,0,OK,53.796738,True,4a49f2c2-c
UCR,U_aer-UCR,108-NOISEresperation2,0,0.0,0.0,0.0,,0,1,0,OK,306.537491,True,4a49f2c2-c
UCR,U_aer-UCR,109-1sddb40,0,0.6666666666666666,1.0,0.5,,1,0,1,OK,320.098355,True,4a49f2c2-c
UCR,U_aer-UCR,110-2sddb40,0,0.0,0.0,0.0,,2,1,0,OK,324.99897,True,4a49f2c2-c
UCR,U_aer-UCR,111-3sddb40,0,0.6666666666666666,1.0,0.5,,1,0,1,OK,243.336805,True,4a49f2c2-c
UCR,U_aer-UCR,112-BIDMC1,0,0.6666666666666666,1.0,0.5,,1,0,1,OK,35.966681,True,4a49f2c2-c
UCR,U_aer-UCR,113-CIMIS44AirTemperature1,0,0.6666666666666666,1.0,0.5,,1,0,1,OK,43.746585,True,4a49f2c2-c
UCR,U_aer-UCR,114-CIMIS44AirTemperature2,0,1.0,1.0,1.0,,0,0,1,OK,42.46048,True,4a49f2c2-c
UCR,U_aer-UCR,115-CIMIS44AirTemperature3,0,1.0,1.0,1.0,,0,0,1,OK,43.757405,True,4a49f2c2-c
UCR,U_aer-UCR,116-CIMIS44AirTemperature4,0,0.6666666666666666,1.0,0.5,,1,0,1,OK,43.079485,True,4a49f2c2-c
UCR,U_aer-UCR,117-CIMIS44AirTemperature5,0,1.0,1.0,1.0,,0,0,1,OK,43.31397,True,4a49f2c2-c
UCR,U_aer-UCR,118-CIMIS44AirTemperature6,0,1.0,1.0,1.0,,0,0,1,OK,43.354332,True,4a49f2c2-c
UCR,U_aer-UCR,119-ECG1,0,0.2857142857142857,1.0,0.16666666666666666,,5,0,1,OK,101.942114,True,4a49f2c2-c
UCR,U_aer-UCR,120-ECG2,0,0.33333333333333337,1.0,0.2,,4,0,1,OK,138.657674,True,4a49f2c2-c
UCR,U_aer-UCR,121-ECG3,0,0.4,1.0,0.25,,3,0,1,OK,142.309043,True,4a49f2c2-c
UCR,U_aer-UCR,122-ECG3,0,0.6666666666666666,1.0,0.5,,1,0,1,OK,95.313134,True,4a49f2c2-c
UCR,U_aer-UCR,123-ECG4,0,1.0,1.0,1.0,,0,0,1,OK,240.549652,True,4a49f2c2-c
UCR,U_aer-UCR,124-ECG4,0,1.0,1.0,1.0,,0,0,1,OK,91.121805,True,4a49f2c2-c
UCR,U_aer-UCR,125-ECG4,0,1.0,1.0,1.0,,0,0,1,OK,73.366236,True,4a49f2c2-c
UCR,U_aer-UCR,126-ECG4,0,1.0,1.0,1.0,,0,0,1,OK,93.738047,True,4a49f2c2-c
UCR,U_aer-UCR,127-GP711MarkerLFM5z1,0,1.0,1.0,1.0,,0,0,1,OK,54.174031,True,4a49f2c2-c
UCR,U_aer-UCR,128-GP711MarkerLFM5z2,0,0.6666666666666666,1.0,0.5,,1,0,1,OK,54.332518,True,4a49f2c2-c
UCR,U_aer-UCR,129-GP711MarkerLFM5z3,0,0.6666666666666666,1.0,0.5,,1,0,1,OK,53.915532,True,4a49f2c2-c
UCR,U_aer-UCR,130-GP711MarkerLFM5z4,0,1.0,1.0,1.0,,0,0,1,OK,48.517526,True,4a49f2c2-c
UCR,U_aer-UCR,131-GP711MarkerLFM5z5,0,0.33333333333333337,1.0,0.2,,4,0,1,OK,55.451749,True,4a49f2c2-c
UCR,U_aer-UCR,132-InternalBleeding10,0,0.4,1.0,0.25,,3,0,1,OK,37.043729,True,4a49f2c2-c
UCR,U_aer-UCR,133-InternalBleeding14,0,1.0,1.0,1.0,,0,0,1,OK,35.56785,True,4a49f2c2-c
UCR,U_aer-UCR,134-InternalBleeding15,0,1.0,1.0,1.0,,0,0,1,OK,27.299719,True,4a49f2c2-c
UCR,U_aer-UCR,135-InternalBleeding16,0,1.0,1.0,1.0,,0,0,1,OK,23.403277,True,4a49f2c2-c
UCR,U_aer-UCR,136-InternalBleeding17,0,1.0,1.0,1.0,,0,0,1,OK,25.949083,True,4a49f2c2-c
UCR,U_aer-UCR,137-InternalBleeding18,0,0.6666666666666666,1.0,0.5,,1,0,1,OK,30.73441,True,4a49f2c2-c
UCR,U_aer-UCR,138-InternalBleeding19,0,1.0,1.0,1.0,,0,0,1,OK,35.457951,True,4a49f2c2-c
UCR,U_aer-UCR,139-InternalBleeding20,0,0.6666666666666666,1.0,0.5,,1,0,1,OK,35.077251,True,4a49f2c2-c
UCR,U_aer-UCR,140-InternalBleeding4,0,1.0,1.0,1.0,,0,0,1,OK,23.826614,True,4a49f2c2-c
UCR,U_aer-UCR,141-InternalBleeding5,0,0.6666666666666666,1.0,0.5,,1,0,1,OK,42.61095,True,4a49f2c2-c
UCR,U_aer-UCR,142-InternalBleeding6,0,0.6666666666666666,1.0,0.5,,1,0,1,OK,25.538819,True,4a49f2c2-c
UCR,U_aer-UCR,143-InternalBleeding8,0,0.0,0.0,0.0,,0,1,0,OK,32.409287,True,4a49f2c2-c
UCR,U_aer-UCR,144-InternalBleeding9,0,0.0,0.0,0.0,,0,1,0,OK,43.467124,True,4a49f2c2-c
UCR,U_aer-UCR,145-Lab2Cmac011215EPG1,0,1.0,1.0,1.0,,0,0,1,OK,73.003583,True,4a49f2c2-c
UCR,U_aer-UCR,146-Lab2Cmac011215EPG2,0,0.0,0.0,0.0,,0,1,0,OK,90.534367,True,4a49f2c2-c
UCR,U_aer-UCR,147-Lab2Cmac011215EPG3,0,0.6666666666666666,1.0,0.5,,1,0,1,OK,72.612521,True,4a49f2c2-c
UCR,U_aer-UCR,148-Lab2Cmac011215EPG4,0,0.0,0.0,0.0,,0,1,0,OK,78.701535,True,4a49f2c2-c
UCR,U_aer-UCR,149-Lab2Cmac011215EPG5,0,0.0,0.0,0.0,,1,1,0,OK,85.603393,True,4a49f2c2-c
UCR,U_aer-UCR,150-Lab2Cmac011215EPG6,0,0.0,0.0,0.0,,1,1,0,OK,89.164808,True,4a49f2c2-c
UCR,U_aer-UCR,151-MesoplodonDensirostris,0,0.0,0.0,0.0,,0,1,0,OK,101.017983,True,4a49f2c2-c
UCR,U_aer-UCR,152-PowerDemand1,0,0.5,1.0,0.3333333333333333,,2,0,1,OK,98.863875,True,4a49f2c2-c
UCR,U_aer-UCR,153-PowerDemand2,0,0.0,0.0,0.0,,2,1,0,OK,132.051496,True,4a49f2c2-c
UCR,U_aer-UCR,154-PowerDemand3,0,0.6666666666666666,1.0,0.5,,1,0,1,OK,137.996375,True,4a49f2c2-c
UCR,U_aer-UCR,155-PowerDemand4,0,0.6666666666666666,1.0,0.5,,1,0,1,OK,159.683919,True,4a49f2c2-c
UCR,U_aer-UCR,156-TkeepFifthMARS,0,1.0,1.0,1.0,,0,0,1,OK,44.873653,True,4a49f2c2-c
UCR,U_aer-UCR,157-TkeepFirstMARS,0,0.0,0.0,0.0,,0,1,0,OK,42.660956,True,4a49f2c2-c
UCR,U_aer-UCR,158-TkeepForthMARS,0,0.0,0.0,0.0,,0,1,0,OK,43.602714,True,4a49f2c2-c
UCR,U_aer-UCR,159-TkeepSecondMARS,0,1.0,1.0,1.0,,0,0,1,OK,45.012468,True,4a49f2c2-c
UCR,U_aer-UCR,160-TkeepThirdMARS,0,1.0,1.0,1.0,,0,0,1,OK,44.492978,True,4a49f2c2-c
UCR,U_aer-UCR,161-WalkingAceleration1,0,0.0,0.0,0.0,,1,1,0,OK,24.14173,True,4a49f2c2-c
UCR,U_aer-UCR,162-WalkingAceleration5,0,0.5,1.0,0.3333333333333333,,2,0,1,OK,32.136933,True,4a49f2c2-c
UCR,U_aer-UCR,163-apneaecg2,0,1.0,1.0,1.0,,0,0,1,OK,114.473523,True,4a49f2c2-c
UCR,U_aer-UCR,164-apneaecg3,0,1.0,1.0,1.0,,0,0,1,OK,81.224943,True,4a49f2c2-c
UCR,U_aer-UCR,165-apneaecg4,0,0.0,0.0,0.0,,0,1,0,OK,87.527426,True,4a49f2c2-c
UCR,U_aer-UCR,166-apneaecg,0,0.0,0.0,0.0,,0,1,0,OK,114.851797,True,4a49f2c2-c
UCR,U_aer-UCR,167-gait1,0,0.6666666666666666,1.0,0.5,,1,0,1,OK,213.161163,True,4a49f2c2-c
UCR,U_aer-UCR,168-gait2,0,0.6666666666666666,1.0,0.5,,1,0,1,OK,225.995498,True,4a49f2c2-c
UCR,U_aer-UCR,169-gait3,0,0.0,0.0,0.0,,0,1,0,OK,246.502729,True,4a49f2c2-c
UCR,U_aer-UCR,170-gaitHunt1,0,0.6666666666666666,1.0,0.5,,1,0,1,OK,192.552454,True,4a49f2c2-c
UCR,U_aer-UCR,171-gaitHunt2,0,0.5,1.0,0.3333333333333333,,2,0,1,OK,203.033307,True,4a49f2c2-c
UCR,U_aer-UCR,172-gaitHunt3,0,0.0,0.0,0.0,,1,1,0,OK,232.561253,True,4a49f2c2-c
UCR,U_aer-UCR,173-insectEPG1,0,0.0,0.0,0.0,,3,1,0,OK,40.184329,True,4a49f2c2-c
UCR,U_aer-UCR,174-insectEPG2,0,0.6666666666666666,1.0,0.5,,1,0,1,OK,42.795077,True,4a49f2c2-c
UCR,U_aer-UCR,175-insectEPG3,0,0.0,0.0,0.0,,2,1,0,OK,54.071361,True,4a49f2c2-c
UCR,U_aer-UCR,176-insectEPG4,0,0.6666666666666666,1.0,0.5,,1,0,1,OK,26.289219,True,4a49f2c2-c
UCR,U_aer-UCR,177-insectEPG5,0,0.6666666666666666,1.0,0.5,,1,0,1,OK,49.486432,True,4a49f2c2-c
UCR,U_aer-UCR,178-ltstdbs30791AI,0,0.4,1.0,0.25,,3,0,1,OK,176.939431,True,4a49f2c2-c
UCR,U_aer-UCR,179-ltstdbs30791AS,0,0.4,1.0,0.25,,3,0,1,OK,200.225135,True,4a49f2c2-c
UCR,U_aer-UCR,180-ltstdbs30791ES,0,0.0,0.0,0.0,,0,1,0,OK,172.61822,True,4a49f2c2-c
UCR,U_aer-UCR,181-park3m,0,0.4,1.0,0.25,,3,0,1,OK,313.660085,True,4a49f2c2-c
UCR,U_aer-UCR,182-qtdbSel1005V,0,0.0,0.0,0.0,,0,1,0,OK,78.909406,True,4a49f2c2-c
UCR,U_aer-UCR,183-qtdbSel100MLII,0,0.0,0.0,0.0,,0,1,0,OK,66.253059,True,4a49f2c2-c
UCR,U_aer-UCR,184-resperation10,0,1.0,1.0,1.0,,0,0,1,OK,448.767153,True,4a49f2c2-c
UCR,U_aer-UCR,185-resperation11,0,0.6666666666666666,1.0,0.5,,1,0,1,OK,383.486874,True,4a49f2c2-c
UCR,U_aer-UCR,186-resperation1,0,0.0,0.0,0.0,,0,1,0,OK,604.606512,True,4a49f2c2-c
UCR,U_aer-UCR,187-resperation2,0,0.0,0.0,0.0,,0,1,0,OK,333.917047,True,4a49f2c2-c
UCR,U_aer-UCR,188-resperation2,0,0.0,0.0,0.0,,0,1,0,OK,377.908128,True,4a49f2c2-c
UCR,U_aer-UCR,189-resperation3,0,0.0,0.0,0.0,,0,1,0,OK,406.977159,True,4a49f2c2-c
UCR,U_aer-UCR,190-resperation4,0,0.0,0.0,0.0,,0,1,0,OK,502.112689,True,4a49f2c2-c
UCR,U_aer-UCR,191-resperation9,0,1.0,1.0,1.0,,0,0,1,OK,346.581877,True,4a49f2c2-c
UCR,U_aer-UCR,192-s20101mML2,0,1.0,1.0,1.0,,0,0,1,OK,133.554082,True,4a49f2c2-c
UCR,U_aer-UCR,193-s20101m,0,1.0,1.0,1.0,,0,0,1,OK,116.639834,True,4a49f2c2-c
UCR,U_aer-UCR,194-sddb49,0,0.6666666666666666,1.0,0.5,,1,0,1,OK,145.463762,True,4a49f2c2-c
UCR,U_aer-UCR,195-sel840mECG1,0,0.0,0.0,0.0,,0,1,0,OK,157.482149,True,4a49f2c2-c
UCR,U_aer-UCR,196-sel840mECG2,0,0.0,0.0,0.0,,3,1,0,OK,177.734581,True,4a49f2c2-c
UCR,U_aer-UCR,197-tiltAPB1,0,0.0,0.0,0.0,,0,1,0,OK,605.957805,True,4a49f2c2-c
UCR,U_aer-UCR,198-tiltAPB2,0,0.5,1.0,0.3333333333333333,,2,0,1,OK,309.943711,True,4a49f2c2-c
UCR,U_aer-UCR,199-tiltAPB3,0,0.0,0.0,0.0,,0,1,0,OK,265.937825,True,4a49f2c2-c
UCR,U_aer-UCR,200-tiltAPB4,0,0.6666666666666666,1.0,0.5,,1,0,1,OK,223.990406,True,4a49f2c2-c
UCR,U_aer-UCR,201-CHARISfive,0,0.4,1.0,0.25,,3,0,1,OK,114.738814,True,4a49f2c2-c
UCR,U_aer-UCR,202-CHARISfive,0,0.0,0.0,0.0,,2,1,0,OK,96.253849,True,4a49f2c2-c
UCR,U_aer-UCR,203-CHARISfive,0,0.0,0.0,0.0,,0,1,0,OK,123.990597,True,4a49f2c2-c
UCR,U_aer-UCR,204-CHARISfive,0,1.0,1.0,1.0,,0,0,1,OK,119.85714,True,4a49f2c2-c
UCR,U_aer-UCR,205-CHARISfive,0,0.0,0.0,0.0,,0,1,0,OK,111.659832,True,4a49f2c2-c
UCR,U_aer-UCR,206-CHARISten,0,0.5,1.0,0.3333333333333333,,2,0,1,OK,99.131223,True,4a49f2c2-c
UCR,U_aer-UCR,207-CHARISten,0,0.6666666666666666,1.0,0.5,,1,0,1,OK,69.001392,True,4a49f2c2-c
UCR,U_aer-UCR,208-CHARISten,0,0.0,0.0,0.0,,1,1,0,OK,85.98239,True,4a49f2c2-c
UCR,U_aer-UCR,209-Fantasia,0,0.0,0.0,0.0,,0,1,0,OK,165.024547,True,4a49f2c2-c
UCR,U_aer-UCR,210-Italianpowerdemand,0,0.0,0.0,0.0,,0,1,0,OK,381.66309,True,4a49f2c2-c
UCR,U_aer-UCR,211-Italianpowerdemand,0,0.0,0.0,0.0,,0,1,0,OK,372.524382,True,4a49f2c2-c
UCR,U_aer-UCR,212-Italianpowerdemand,0,0.0,0.0,0.0,,3,1,0,OK,101.487565,True,4a49f2c2-c
UCR,U_aer-UCR,213-STAFFIIIDatabase,0,1.0,1.0,1.0,,0,0,1,OK,503.577189,True,4a49f2c2-c
UCR,U_aer-UCR,214-STAFFIIIDatabase,0,1.0,1.0,1.0,,0,0,1,OK,465.395522,True,4a49f2c2-c
UCR,U_aer-UCR,215-STAFFIIIDatabase,0,0.0,0.0,0.0,,0,1,0,OK,417.158472,True,4a49f2c2-c
UCR,U_aer-UCR,216-STAFFIIIDatabase,0,1.0,1.0,1.0,,0,0,1,OK,431.114203,True,4a49f2c2-c
UCR,U_aer-UCR,217-STAFFIIIDatabase,0,0.0,0.0,0.0,,0,1,0,OK,487.938798,True,4a49f2c2-c
UCR,U_aer-UCR,218-STAFFIIIDatabase,0,1.0,1.0,1.0,,0,0,1,OK,475.261262,True,4a49f2c2-c
UCR,U_aer-UCR,219-STAFFIIIDatabase,0,0.0,0.0,0.0,,0,1,0,OK,499.21527,True,4a49f2c2-c
UCR,U_aer-UCR,220-STAFFIIIDatabase,0,0.0,0.0,0.0,,0,1,0,OK,528.550874,True,4a49f2c2-c
UCR,U_aer-UCR,221-STAFFIIIDatabase,0,0.0,0.0,0.0,,0,1,0,OK,471.878895,True,4a49f2c2-c
UCR,U_aer-UCR,222-mit14046longtermecg,0,0.0,0.0,0.0,,3,1,0,OK,767.674645,True,4a49f2c2-c
UCR,U_aer-UCR,223-mit14046longtermecg,0,0.0,0.0,0.0,,0,1,0,OK,653.784022,True,4a49f2c2-c
UCR,U_aer-UCR,224-mit14046longtermecg,0,0.0,0.0,0.0,,2,1,0,OK,593.272997,True,4a49f2c2-c
UCR,U_aer-UCR,225-mit14046longtermecg,0,0.0,0.0,0.0,,2,1,0,OK,698.561775,True,4a49f2c2-c
UCR,U_aer-UCR,226-mit14046longtermecg,0,0.6666666666666666,1.0,0.5,,1,0,1,OK,860.376879,True,4a49f2c2-c
UCR,U_aer-UCR,227-mit14134longtermecg,0,0.0,0.0,0.0,,1,1,0,OK,145.168039,True,4a49f2c2-c
UCR,U_aer-UCR,228-mit14134longtermecg,0,0.0,0.0,0.0,,1,1,0,OK,149.594435,True,4a49f2c2-c
UCR,U_aer-UCR,229-mit14134longtermecg,0,0.6666666666666666,1.0,0.5,,1,0,1,OK,176.533332,True,4a49f2c2-c
UCR,U_aer-UCR,230-mit14134longtermecg,0,0.0,0.0,0.0,,3,1,0,OK,199.76238,True,4a49f2c2-c
UCR,U_aer-UCR,231-mit14134longtermecg,0,0.0,0.0,0.0,,2,1,0,OK,135.867882,True,4a49f2c2-c
UCR,U_aer-UCR,232-mit14134longtermecg,0,0.0,0.0,0.0,,2,1,0,OK,136.211172,True,4a49f2c2-c
UCR,U_aer-UCR,233-mit14157longtermecg,0,0.0,0.0,0.0,,2,1,0,OK,212.446244,True,4a49f2c2-c
UCR,U_aer-UCR,234-mit14157longtermecg,0,0.0,0.0,0.0,,0,1,0,OK,214.046248,True,4a49f2c2-c
UCR,U_aer-UCR,235-mit14157longtermecg,0,0.0,0.0,0.0,,4,1,0,OK,223.57175,True,4a49f2c2-c
UCR,U_aer-UCR,236-mit14157longtermecg,0,0.0,0.0,0.0,,1,1,0,OK,170.659996,True,4a49f2c2-c
UCR,U_aer-UCR,237-mit14157longtermecg,0,0.2857142857142857,1.0,0.16666666666666666,,5,0,1,OK,248.05502,True,4a49f2c2-c
UCR,U_aer-UCR,238-mit14157longtermecg,0,0.0,0.0,0.0,,4,1,0,OK,264.830301,True,4a49f2c2-c
UCR,U_aer-UCR,239-taichidbS0715Master,0,0.0,0.0,0.0,,2,1,0,OK,1978.186428,True,4a49f2c2-c
UCR,U_aer-UCR,240-taichidbS0715Master,0,0.0,0.0,0.0,,2,1,0,OK,2594.597222,True,4a49f2c2-c
UCR,U_aer-UCR,241-taichidbS0715Master,0,0.0,0.0,0.0,,1,1,0,OK,1834.185121,True,4a49f2c2-c
UCR,U_aer-UCR,242-tilt12744mtable,0,0.0,0.0,0.0,,1,1,0,OK,754.279235,True,4a49f2c2-c
UCR,U_aer-UCR,243-tilt12744mtable,0,0.0,0.0,0.0,,1,1,0,OK,752.093797,True,4a49f2c2-c
UCR,U_aer-UCR,244-tilt12754table,0,0.0,0.0,0.0,,2,1,0,OK,756.227467,True,4a49f2c2-c
UCR,U_aer-UCR,245-tilt12754table,0,0.5,1.0,0.3333333333333333,,2,0,1,OK,682.556619,True,4a49f2c2-c
UCR,U_aer-UCR,246-tilt12755mtable,0,0.0,0.0,0.0,,1,1,0,OK,577.56064,True,4a49f2c2-c
UCR,U_aer-UCR,247-tilt12755mtable,0,0.0,0.0,0.0,,2,1,0,OK,435.732143,True,4a49f2c2-c
UCR,U_aer-UCR,248-weallwalk,0,1.0,1.0,1.0,,0,0,1,OK,29.701935,True,4a49f2c2-c
UCR,U_aer-UCR,249-weallwalk,0,0.0,0.0,0.0,,0,1,0,OK,39.078241,True,4a49f2c2-c
UCR,U_aer-UCR,250-weallwalk,0,0.0,0.0,0.0,,0,1,0,OK,39.594227,True,4a49f2c2-c
