,dataset,pipeline,signal,run_id,elapsed,f1,tn,fp,fn,tp
0,SMAP,U_lstm_autoencoder_2.0,A-1,ed9672b8-a,18.572442,1.0,,0,0,1
1,SMAP,U_lstm_autoencoder_2.0,A-2,ed9672b8-a,21.701934,0.6666666666666666,,1,0,1
2,SMAP,U_lstm_autoencoder_2.0,A-3,ed9672b8-a,19.776904,1.0,,0,0,1
3,SMAP,U_lstm_autoencoder_2.0,A-4,ed9672b8-a,20.771242,1.0,,0,0,1
4,SMAP,U_lstm_autoencoder_2.0,A-5,ed9672b8-a,10.535975,0.6666666666666666,,1,0,1
5,SMAP,U_lstm_autoencoder_2.0,A-6,ed9672b8-a,10.44057,1.0,,0,0,1
6,SMAP,U_lstm_autoencoder_2.0,A-7,ed9672b8-a,23.047171,0.0,,0,1,0
7,SMAP,U_lstm_autoencoder_2.0,A-8,ed9672b8-a,14.117559,1.0,,0,0,1
8,SMAP,U_lstm_autoencoder_2.0,A-9,ed9672b8-a,14.316243,1.0,,0,0,1
9,YAHOOA3,U_lstm_autoencoder_2.0,A3Benchmark-TS100,ed9672b8-a,12.237994,0.3333333333333333,,0,8,2
10,YAHOOA3,U_lstm_autoencoder_2.0,A3Benchmark-TS10,ed9672b8-a,12.022865,0.875,,0,2,7
11,YAHOOA3,U_lstm_autoencoder_2.0,A3Benchmark-TS11,ed9672b8-a,12.158668,0.9230769230769231,,0,1,6
12,YAHOOA3,U_lstm_autoencoder_2.0,A3Benchmark-TS12,ed9672b8-a,15.31729,0.375,,0,10,3
13,YAHOOA3,U_lstm_autoencoder_2.0,A3Benchmark-TS13,ed9672b8-a,12.265304,0.7142857142857143,,0,4,5
14,YAHOOA3,U_lstm_autoencoder_2.0,A3Benchmark-TS14,ed9672b8-a,12.050277,0.3333333333333333,,0,12,3
15,YAHOOA3,U_lstm_autoencoder_2.0,A3Benchmark-TS15,ed9672b8-a,12.265356,0.9090909090909091,,0,1,5
16,YAHOOA3,U_lstm_autoencoder_2.0,A3Benchmark-TS16,ed9672b8-a,12.138463,0.2,,0,8,1
17,YAHOOA3,U_lstm_autoencoder_2.0,A3Benchmark-TS17,ed9672b8-a,12.25272,1.0,,0,0,1
18,YAHOOA3,U_lstm_autoencoder_2.0,A3Benchmark-TS18,ed9672b8-a,10.744626,0.6666666666666666,,0,6,6
19,YAHOOA3,U_lstm_autoencoder_2.0,A3Benchmark-TS19,ed9672b8-a,12.109114,0.75,,0,4,6
20,YAHOOA3,U_lstm_autoencoder_2.0,A3Benchmark-TS1,ed9672b8-a,12.117914,0.15384615384615385,,1,10,1
21,YAHOOA3,U_lstm_autoencoder_2.0,A3Benchmark-TS20,ed9672b8-a,12.259515,0.2857142857142857,,0,10,2
22,YAHOOA3,U_lstm_autoencoder_2.0,A3Benchmark-TS21,ed9672b8-a,12.039835,0.5882352941176471,,0,7,5
23,YAHOOA3,U_lstm_autoencoder_2.0,A3Benchmark-TS22,ed9672b8-a,12.305885,0.8888888888888888,,1,0,4
24,YAHOOA3,U_lstm_autoencoder_2.0,A3Benchmark-TS23,ed9672b8-a,12.245245,0.23529411764705882,,0,13,2
25,YAHOOA3,U_lstm_autoencoder_2.0,A3Benchmark-TS24,ed9672b8-a,12.109114,0.9333333333333333,,0,1,7
26,YAHOOA3,U_lstm_autoencoder_2.0,A3Benchmark-TS25,ed9672b8-a,12.208823,0.8,,1,0,2
27,YAHOOA3,U_lstm_autoencoder_2.0,A3Benchmark-TS26,ed9672b8-a,12.064301,0.5333333333333333,,0,7,4
28,YAHOOA3,U_lstm_autoencoder_2.0,A3Benchmark-TS27,ed9672b8-a,12.249581,0.36363636363636365,,0,7,2
29,YAHOOA3,U_lstm_autoencoder_2.0,A3Benchmark-TS28,ed9672b8-a,12.220589,1.0,,0,0,2
30,YAHOOA3,U_lstm_autoencoder_2.0,A3Benchmark-TS29,ed9672b8-a,12.298666,0.8571428571428571,,0,1,3
31,YAHOOA3,U_lstm_autoencoder_2.0,A3Benchmark-TS2,ed9672b8-a,12.075987,0.2222222222222222,,0,14,2
32,YAHOOA3,U_lstm_autoencoder_2.0,A3Benchmark-TS30,ed9672b8-a,12.121332,0.9333333333333333,,0,1,7
33,YAHOOA3,U_lstm_autoencoder_2.0,A3Benchmark-TS31,ed9672b8-a,12.205447,1.0,,0,0,7
34,YAHOOA3,U_lstm_autoencoder_2.0,A3Benchmark-TS32,ed9672b8-a,12.347609,0.7272727272727273,,0,6,8
35,YAHOOA3,U_lstm_autoencoder_2.0,A3Benchmark-TS33,ed9672b8-a,12.082423,0.7692307692307693,,0,3,5
36,YAHOOA3,U_lstm_autoencoder_2.0,A3Benchmark-TS34,ed9672b8-a,12.077746,1.0,,0,0,1
37,YAHOOA3,U_lstm_autoencoder_2.0,A3Benchmark-TS35,ed9672b8-a,12.378486,1.0,,0,0,3
38,YAHOOA3,U_lstm_autoencoder_2.0,A3Benchmark-TS36,ed9672b8-a,12.351941,1.0,,0,0,4
39,YAHOOA3,U_lstm_autoencoder_2.0,A3Benchmark-TS37,ed9672b8-a,12.042381,0.75,,0,4,6
40,YAHOOA3,U_lstm_autoencoder_2.0,A3Benchmark-TS38,ed9672b8-a,12.303684,0.0,,0,3,0
41,YAHOOA3,U_lstm_autoencoder_2.0,A3Benchmark-TS39,ed9672b8-a,12.191943,0.4,,0,9,3
42,YAHOOA3,U_lstm_autoencoder_2.0,A3Benchmark-TS3,ed9672b8-a,12.08939,0.2857142857142857,,0,5,1
43,YAHOOA3,U_lstm_autoencoder_2.0,A3Benchmark-TS40,ed9672b8-a,11.878819,0.8,,0,3,6
44,YAHOOA3,U_lstm_autoencoder_2.0,A3Benchmark-TS41,ed9672b8-a,12.032413,0.5263157894736842,,0,9,5
45,YAHOOA3,U_lstm_autoencoder_2.0,A3Benchmark-TS42,ed9672b8-a,12.250933,0.4,,0,12,4
46,YAHOOA3,U_lstm_autoencoder_2.0,A3Benchmark-TS43,ed9672b8-a,12.082717,0.5,,0,10,5
47,YAHOOA3,U_lstm_autoencoder_2.0,A3Benchmark-TS44,ed9672b8-a,12.164706,0.6666666666666666,,0,8,8
48,YAHOOA3,U_lstm_autoencoder_2.0,A3Benchmark-TS45,ed9672b8-a,12.123722,0.75,,0,2,3
49,YAHOOA3,U_lstm_autoencoder_2.0,A3Benchmark-TS46,ed9672b8-a,12.124376,0.8,,0,1,2
50,YAHOOA3,U_lstm_autoencoder_2.0,A3Benchmark-TS47,ed9672b8-a,12.069999,0.0,,0,15,0
51,YAHOOA3,U_lstm_autoencoder_2.0,A3Benchmark-TS48,ed9672b8-a,12.117571,0.375,,0,10,3
52,YAHOOA3,U_lstm_autoencoder_2.0,A3Benchmark-TS49,ed9672b8-a,12.140837,0.3157894736842105,,0,13,3
53,YAHOOA3,U_lstm_autoencoder_2.0,A3Benchmark-TS4,ed9672b8-a,12.123262,0.2857142857142857,,0,5,1
54,YAHOOA3,U_lstm_autoencoder_2.0,A3Benchmark-TS50,ed9672b8-a,12.158222,0.8333333333333334,,0,2,5
55,YAHOOA3,U_lstm_autoencoder_2.0,A3Benchmark-TS51,ed9672b8-a,12.143183,0.5555555555555556,,0,8,5
56,YAHOOA3,U_lstm_autoencoder_2.0,A3Benchmark-TS52,ed9672b8-a,11.986558,0.9090909090909091,,0,1,5
57,YAHOOA3,U_lstm_autoencoder_2.0,A3Benchmark-TS53,ed9672b8-a,12.25257,0.3333333333333333,,0,12,3
58,YAHOOA3,U_lstm_autoencoder_2.0,A3Benchmark-TS54,ed9672b8-a,12.03544,0.5,,0,10,5
59,YAHOOA3,U_lstm_autoencoder_2.0,A3Benchmark-TS55,ed9672b8-a,11.230618,0.6666666666666666,,0,6,6
60,YAHOOA3,U_lstm_autoencoder_2.0,A3Benchmark-TS56,ed9672b8-a,12.185824,1.0,,0,0,1
61,YAHOOA3,U_lstm_autoencoder_2.0,A3Benchmark-TS57,ed9672b8-a,12.303043,0.5,,0,6,3
62,YAHOOA3,U_lstm_autoencoder_2.0,A3Benchmark-TS58,ed9672b8-a,12.264619,1.0,,0,0,3
63,YAHOOA3,U_lstm_autoencoder_2.0,A3Benchmark-TS59,ed9672b8-a,12.168449,0.5333333333333333,,0,7,4
64,YAHOOA3,U_lstm_autoencoder_2.0,A3Benchmark-TS5,ed9672b8-a,12.162541,1.0,,0,0,2
65,YAHOOA3,U_lstm_autoencoder_2.0,A3Benchmark-TS60,ed9672b8-a,12.215535,0.4,,0,9,3
66,YAHOOA3,U_lstm_autoencoder_2.0,A3Benchmark-TS61,ed9672b8-a,11.950025,0.26666666666666666,,0,11,2
67,YAHOOA3,U_lstm_autoencoder_2.0,A3Benchmark-TS62,ed9672b8-a,12.1507,0.4,,0,9,3
68,YAHOOA3,U_lstm_autoencoder_2.0,A3Benchmark-TS63,ed9672b8-a,12.081367,0.75,,0,4,6
69,YAHOOA3,U_lstm_autoencoder_2.0,A3Benchmark-TS64,ed9672b8-a,12.141813,0.7692307692307693,,0,3,5
70,YAHOOA3,U_lstm_autoencoder_2.0,A3Benchmark-TS65,ed9672b8-a,12.398279,0.0,,0,7,0
71,YAHOOA3,U_lstm_autoencoder_2.0,A3Benchmark-TS66,ed9672b8-a,12.21216,0.6666666666666666,,1,0,1
72,YAHOOA3,U_lstm_autoencoder_2.0,A3Benchmark-TS67,ed9672b8-a,12.112662,0.47619047619047616,,0,11,5
73,YAHOOA3,U_lstm_autoencoder_2.0,A3Benchmark-TS68,ed9672b8-a,12.146671,0.47619047619047616,,0,11,5
74,YAHOOA3,U_lstm_autoencoder_2.0,A3Benchmark-TS69,ed9672b8-a,12.305687,0.8333333333333334,,0,2,5
75,YAHOOA3,U_lstm_autoencoder_2.0,A3Benchmark-TS6,ed9672b8-a,14.161264,0.9090909090909091,,0,1,5
76,YAHOOA3,U_lstm_autoencoder_2.0,A3Benchmark-TS70,ed9672b8-a,12.259413,0.5,,0,6,3
77,YAHOOA3,U_lstm_autoencoder_2.0,A3Benchmark-TS71,ed9672b8-a,12.144323,0.3157894736842105,,0,13,3
78,YAHOOA3,U_lstm_autoencoder_2.0,A3Benchmark-TS72,ed9672b8-a,12.242039,0.2222222222222222,,0,7,1
79,YAHOOA3,U_lstm_autoencoder_2.0,A3Benchmark-TS73,ed9672b8-a,12.07691,0.3333333333333333,,0,12,3
80,YAHOOA3,U_lstm_autoencoder_2.0,A3Benchmark-TS74,ed9672b8-a,12.140401,1.0,,0,0,6
81,YAHOOA3,U_lstm_autoencoder_2.0,A3Benchmark-TS75,ed9672b8-a,12.11346,0.6666666666666666,,0,7,7
82,YAHOOA3,U_lstm_autoencoder_2.0,A3Benchmark-TS76,ed9672b8-a,12.104746,0.3333333333333333,,0,4,1
83,YAHOOA3,U_lstm_autoencoder_2.0,A3Benchmark-TS77,ed9672b8-a,12.132344,0.47619047619047616,,0,11,5
84,YAHOOA3,U_lstm_autoencoder_2.0,A3Benchmark-TS78,ed9672b8-a,12.158638,0.5,,0,10,5
85,YAHOOA3,U_lstm_autoencoder_2.0,A3Benchmark-TS79,ed9672b8-a,11.977561,1.0,,0,0,5
86,YAHOOA3,U_lstm_autoencoder_2.0,A3Benchmark-TS7,ed9672b8-a,12.193924,1.0,,0,0,5
87,YAHOOA3,U_lstm_autoencoder_2.0,A3Benchmark-TS80,ed9672b8-a,12.243817,0.0,,0,13,0
88,YAHOOA3,U_lstm_autoencoder_2.0,A3Benchmark-TS81,ed9672b8-a,14.208262,0.6666666666666666,,0,6,6
89,YAHOOA3,U_lstm_autoencoder_2.0,A3Benchmark-TS82,ed9672b8-a,12.175042,0.8333333333333334,,0,2,5
90,YAHOOA3,U_lstm_autoencoder_2.0,A3Benchmark-TS83,ed9672b8-a,12.212748,0.9090909090909091,,0,2,10
91,YAHOOA3,U_lstm_autoencoder_2.0,A3Benchmark-TS84,ed9672b8-a,12.006364,0.3333333333333333,,0,4,1
92,YAHOOA3,U_lstm_autoencoder_2.0,A3Benchmark-TS85,ed9672b8-a,12.198892,0.9333333333333333,,0,1,7
93,YAHOOA3,U_lstm_autoencoder_2.0,A3Benchmark-TS86,ed9672b8-a,12.19325,0.26666666666666666,,0,11,2
94,YAHOOA3,U_lstm_autoencoder_2.0,A3Benchmark-TS87,ed9672b8-a,12.149373,0.6666666666666666,,1,3,4
95,YAHOOA3,U_lstm_autoencoder_2.0,A3Benchmark-TS88,ed9672b8-a,12.356413,0.5882352941176471,,0,7,5
96,YAHOOA3,U_lstm_autoencoder_2.0,A3Benchmark-TS89,ed9672b8-a,12.216722,0.96,,0,1,12
97,YAHOOA3,U_lstm_autoencoder_2.0,A3Benchmark-TS8,ed9672b8-a,12.134158,1.0,,0,0,4
98,YAHOOA3,U_lstm_autoencoder_2.0,A3Benchmark-TS90,ed9672b8-a,12.142387,0.6666666666666666,,0,5,5
99,YAHOOA3,U_lstm_autoencoder_2.0,A3Benchmark-TS91,ed9672b8-a,12.103346,1.0,,0,0,5
100,YAHOOA3,U_lstm_autoencoder_2.0,A3Benchmark-TS92,ed9672b8-a,12.179757,0.7692307692307693,,0,3,5
101,YAHOOA3,U_lstm_autoencoder_2.0,A3Benchmark-TS93,ed9672b8-a,12.030542,0.6363636363636364,,0,8,7
102,YAHOOA3,U_lstm_autoencoder_2.0,A3Benchmark-TS94,ed9672b8-a,11.978686,0.8571428571428571,,1,0,3
103,YAHOOA3,U_lstm_autoencoder_2.0,A3Benchmark-TS95,ed9672b8-a,12.131049,0.2222222222222222,,0,14,2
104,YAHOOA3,U_lstm_autoencoder_2.0,A3Benchmark-TS96,ed9672b8-a,12.249239,0.8888888888888888,,0,1,4
105,YAHOOA3,U_lstm_autoencoder_2.0,A3Benchmark-TS97,ed9672b8-a,12.246123,0.5714285714285714,,0,6,4
106,YAHOOA3,U_lstm_autoencoder_2.0,A3Benchmark-TS98,ed9672b8-a,12.322364,0.47058823529411764,,0,9,4
107,YAHOOA3,U_lstm_autoencoder_2.0,A3Benchmark-TS99,ed9672b8-a,12.111281,0.7777777777777778,,0,4,7
108,YAHOOA3,U_lstm_autoencoder_2.0,A3Benchmark-TS9,ed9672b8-a,12.080194,0.6666666666666666,,0,5,5
109,YAHOOA4,U_lstm_autoencoder_2.0,A4Benchmark-TS100,ed9672b8-a,11.909241,0.0,,0,7,0
110,YAHOOA4,U_lstm_autoencoder_2.0,A4Benchmark-TS10,ed9672b8-a,11.871945,0.4,,0,3,1
111,YAHOOA4,U_lstm_autoencoder_2.0,A4Benchmark-TS11,ed9672b8-a,10.498928,0.0,,1,5,0
112,YAHOOA4,U_lstm_autoencoder_2.0,A4Benchmark-TS12,ed9672b8-a,8.885392,0.0,,2,5,0
113,YAHOOA4,U_lstm_autoencoder_2.0,A4Benchmark-TS13,ed9672b8-a,12.309,0.6666666666666666,,0,7,7
114,YAHOOA4,U_lstm_autoencoder_2.0,A4Benchmark-TS14,ed9672b8-a,11.427739,0.0,,0,11,0
115,YAHOOA4,U_lstm_autoencoder_2.0,A4Benchmark-TS15,ed9672b8-a,12.260221,0.5,,0,6,3
116,YAHOOA4,U_lstm_autoencoder_2.0,A4Benchmark-TS16,ed9672b8-a,12.105742,1.0,,0,0,1
117,YAHOOA4,U_lstm_autoencoder_2.0,A4Benchmark-TS17,ed9672b8-a,12.081658,0.6666666666666666,,0,5,5
118,YAHOOA4,U_lstm_autoencoder_2.0,A4Benchmark-TS18,ed9672b8-a,10.062872,0.0,,1,1,0
119,YAHOOA4,U_lstm_autoencoder_2.0,A4Benchmark-TS19,ed9672b8-a,12.160386,0.15384615384615385,,0,11,1
120,YAHOOA4,U_lstm_autoencoder_2.0,A4Benchmark-TS1,ed9672b8-a,12.236246,0.0,,1,13,0
121,YAHOOA4,U_lstm_autoencoder_2.0,A4Benchmark-TS20,ed9672b8-a,12.032847,0.26666666666666666,,0,11,2
122,YAHOOA4,U_lstm_autoencoder_2.0,A4Benchmark-TS21,ed9672b8-a,12.170316,0.25,,1,11,2
123,YAHOOA4,U_lstm_autoencoder_2.0,A4Benchmark-TS22,ed9672b8-a,12.030874,0.42857142857142855,,1,7,3
124,YAHOOA4,U_lstm_autoencoder_2.0,A4Benchmark-TS23,ed9672b8-a,11.647211,0.8888888888888888,,1,0,4
125,YAHOOA4,U_lstm_autoencoder_2.0,A4Benchmark-TS24,ed9672b8-a,12.060306,0.36363636363636365,,0,7,2
126,YAHOOA4,U_lstm_autoencoder_2.0,A4Benchmark-TS25,ed9672b8-a,11.991571,0.0,,1,11,0
127,YAHOOA4,U_lstm_autoencoder_2.0,A4Benchmark-TS26,ed9672b8-a,11.900775,1.0,,0,0,2
128,YAHOOA4,U_lstm_autoencoder_2.0,A4Benchmark-TS27,ed9672b8-a,10.844732,0.125,,0,14,1
129,YAHOOA4,U_lstm_autoencoder_2.0,A4Benchmark-TS28,ed9672b8-a,12.24424,0.2857142857142857,,0,10,2
130,YAHOOA4,U_lstm_autoencoder_2.0,A4Benchmark-TS29,ed9672b8-a,12.215398,0.6,,0,8,6
131,YAHOOA4,U_lstm_autoencoder_2.0,A4Benchmark-TS2,ed9672b8-a,12.21854,1.0,,0,0,5
132,YAHOOA4,U_lstm_autoencoder_2.0,A4Benchmark-TS30,ed9672b8-a,12.23468,1.0,,0,0,5
133,YAHOOA4,U_lstm_autoencoder_2.0,A4Benchmark-TS31,ed9672b8-a,8.424898,0.0,,1,4,0
134,YAHOOA4,U_lstm_autoencoder_2.0,A4Benchmark-TS32,ed9672b8-a,12.040146,0.15384615384615385,,1,10,1
135,YAHOOA4,U_lstm_autoencoder_2.0,A4Benchmark-TS33,ed9672b8-a,12.069033,0.0,,0,4,0
136,YAHOOA4,U_lstm_autoencoder_2.0,A4Benchmark-TS34,ed9672b8-a,12.091574,0.8571428571428571,,0,2,6
137,YAHOOA4,U_lstm_autoencoder_2.0,A4Benchmark-TS35,ed9672b8-a,12.196709,0.0,,1,12,0
138,YAHOOA4,U_lstm_autoencoder_2.0,A4Benchmark-TS36,ed9672b8-a,12.081983,0.6956521739130435,,0,7,8
139,YAHOOA4,U_lstm_autoencoder_2.0,A4Benchmark-TS37,ed9672b8-a,11.943456,0.4,,1,2,1
140,YAHOOA4,U_lstm_autoencoder_2.0,A4Benchmark-TS38,ed9672b8-a,10.637407,0.0,,1,9,0
141,YAHOOA4,U_lstm_autoencoder_2.0,A4Benchmark-TS39,ed9672b8-a,12.407356,0.3157894736842105,,0,13,3
142,YAHOOA4,U_lstm_autoencoder_2.0,A4Benchmark-TS3,ed9672b8-a,12.064788,0.2222222222222222,,2,5,1
143,YAHOOA4,U_lstm_autoencoder_2.0,A4Benchmark-TS40,ed9672b8-a,11.722124,0.6666666666666666,,0,3,3
144,YAHOOA4,U_lstm_autoencoder_2.0,A4Benchmark-TS41,ed9672b8-a,12.231024,0.0,,0,13,0
145,YAHOOA4,U_lstm_autoencoder_2.0,A4Benchmark-TS42,ed9672b8-a,10.391047,0.8571428571428571,,0,1,3
146,YAHOOA4,U_lstm_autoencoder_2.0,A4Benchmark-TS43,ed9672b8-a,11.66283,0.3076923076923077,,0,9,2
147,YAHOOA4,U_lstm_autoencoder_2.0,A4Benchmark-TS44,ed9672b8-a,11.995405,0.4,,0,12,4
148,YAHOOA4,U_lstm_autoencoder_2.0,A4Benchmark-TS45,ed9672b8-a,12.515803,0.5454545454545454,,1,4,3
149,YAHOOA4,U_lstm_autoencoder_2.0,A4Benchmark-TS46,ed9672b8-a,12.438062,0.5,,0,6,3
150,YAHOOA4,U_lstm_autoencoder_2.0,A4Benchmark-TS47,ed9672b8-a,11.008799,0.6666666666666666,,1,0,1
151,YAHOOA4,U_lstm_autoencoder_2.0,A4Benchmark-TS48,ed9672b8-a,10.83974,0.14285714285714285,,1,11,1
152,YAHOOA4,U_lstm_autoencoder_2.0,A4Benchmark-TS49,ed9672b8-a,12.044434,0.7142857142857143,,0,4,5
153,YAHOOA4,U_lstm_autoencoder_2.0,A4Benchmark-TS4,ed9672b8-a,12.410062,0.6666666666666666,,0,3,3
154,YAHOOA4,U_lstm_autoencoder_2.0,A4Benchmark-TS50,ed9672b8-a,8.464944,0.0,,1,7,0
155,YAHOOA4,U_lstm_autoencoder_2.0,A4Benchmark-TS51,ed9672b8-a,11.718868,0.5,,2,0,1
156,YAHOOA4,U_lstm_autoencoder_2.0,A4Benchmark-TS52,ed9672b8-a,11.777842,0.3076923076923077,,0,9,2
157,YAHOOA4,U_lstm_autoencoder_2.0,A4Benchmark-TS53,ed9672b8-a,9.207413,0.0,,0,2,0
158,YAHOOA4,U_lstm_autoencoder_2.0,A4Benchmark-TS54,ed9672b8-a,12.338219,0.8571428571428571,,1,0,3
159,YAHOOA4,U_lstm_autoencoder_2.0,A4Benchmark-TS55,ed9672b8-a,11.64948,0.5,,1,1,1
160,YAHOOA4,U_lstm_autoencoder_2.0,A4Benchmark-TS56,ed9672b8-a,11.745678,0.0,,0,16,0
161,YAHOOA4,U_lstm_autoencoder_2.0,A4Benchmark-TS57,ed9672b8-a,12.382892,0.0,,0,6,0
162,YAHOOA4,U_lstm_autoencoder_2.0,A4Benchmark-TS58,ed9672b8-a,11.983927,0.0,,2,8,0
163,YAHOOA4,U_lstm_autoencoder_2.0,A4Benchmark-TS59,ed9672b8-a,8.328113,0.0,,2,1,0
164,YAHOOA4,U_lstm_autoencoder_2.0,A4Benchmark-TS5,ed9672b8-a,12.303494,0.4444444444444444,,1,4,2
165,YAHOOA4,U_lstm_autoencoder_2.0,A4Benchmark-TS60,ed9672b8-a,10.282219,0.0,,0,3,0
166,YAHOOA4,U_lstm_autoencoder_2.0,A4Benchmark-TS61,ed9672b8-a,12.205446,1.0,,0,0,3
167,YAHOOA4,U_lstm_autoencoder_2.0,A4Benchmark-TS62,ed9672b8-a,7.619941,0.13333333333333333,,0,13,1
168,YAHOOA4,U_lstm_autoencoder_2.0,A4Benchmark-TS63,ed9672b8-a,12.10181,0.25,,0,6,1
169,YAHOOA4,U_lstm_autoencoder_2.0,A4Benchmark-TS64,ed9672b8-a,12.019693,0.0,,2,5,0
170,YAHOOA4,U_lstm_autoencoder_2.0,A4Benchmark-TS65,ed9672b8-a,11.127877,0.6956521739130435,,0,7,8
171,YAHOOA4,U_lstm_autoencoder_2.0,A4Benchmark-TS66,ed9672b8-a,11.663914,0.0,,1,1,0
172,YAHOOA4,U_lstm_autoencoder_2.0,A4Benchmark-TS67,ed9672b8-a,11.936705,0.782608695652174,,0,5,9
173,YAHOOA4,U_lstm_autoencoder_2.0,A4Benchmark-TS68,ed9672b8-a,12.466091,1.0,,0,0,1
174,YAHOOA4,U_lstm_autoencoder_2.0,A4Benchmark-TS69,ed9672b8-a,11.786993,0.0,,1,2,0
175,YAHOOA4,U_lstm_autoencoder_2.0,A4Benchmark-TS6,ed9672b8-a,12.096932,0.5454545454545454,,0,5,3
176,YAHOOA4,U_lstm_autoencoder_2.0,A4Benchmark-TS70,ed9672b8-a,12.171057,0.6666666666666666,,0,2,2
177,YAHOOA4,U_lstm_autoencoder_2.0,A4Benchmark-TS71,ed9672b8-a,8.996666,0.0,,1,10,0
178,YAHOOA4,U_lstm_autoencoder_2.0,A4Benchmark-TS72,ed9672b8-a,12.20437,0.75,,0,2,3
179,YAHOOA4,U_lstm_autoencoder_2.0,A4Benchmark-TS73,ed9672b8-a,12.027758,0.8888888888888888,,0,1,4
180,YAHOOA4,U_lstm_autoencoder_2.0,A4Benchmark-TS74,ed9672b8-a,12.28034,0.8,,1,0,2
181,YAHOOA4,U_lstm_autoencoder_2.0,A4Benchmark-TS75,ed9672b8-a,11.47863,0.0,,0,13,0
182,YAHOOA4,U_lstm_autoencoder_2.0,A4Benchmark-TS76,ed9672b8-a,11.581942,0.0,,0,11,0
183,YAHOOA4,U_lstm_autoencoder_2.0,A4Benchmark-TS77,ed9672b8-a,7.765789,0.15384615384615385,,0,11,1
184,YAHOOA4,U_lstm_autoencoder_2.0,A4Benchmark-TS78,ed9672b8-a,11.74059,0.13333333333333333,,1,12,1
185,YAHOOA4,U_lstm_autoencoder_2.0,A4Benchmark-TS79,ed9672b8-a,11.054814,0.0,,1,3,0
186,YAHOOA4,U_lstm_autoencoder_2.0,A4Benchmark-TS7,ed9672b8-a,9.186791,0.125,,1,13,1
187,YAHOOA4,U_lstm_autoencoder_2.0,A4Benchmark-TS80,ed9672b8-a,9.599788,0.15384615384615385,,0,11,1
188,YAHOOA4,U_lstm_autoencoder_2.0,A4Benchmark-TS81,ed9672b8-a,10.403647,0.18181818181818182,,1,8,1
189,YAHOOA4,U_lstm_autoencoder_2.0,A4Benchmark-TS82,ed9672b8-a,11.933263,0.6,,0,8,6
190,YAHOOA4,U_lstm_autoencoder_2.0,A4Benchmark-TS83,ed9672b8-a,12.414334,0.5714285714285714,,2,1,2
191,YAHOOA4,U_lstm_autoencoder_2.0,A4Benchmark-TS84,ed9672b8-a,12.054434,0.0,,0,3,0
192,YAHOOA4,U_lstm_autoencoder_2.0,A4Benchmark-TS85,ed9672b8-a,8.410889,0.4,,0,12,4
193,YAHOOA4,U_lstm_autoencoder_2.0,A4Benchmark-TS86,ed9672b8-a,12.262002,0.42105263157894735,,0,11,4
194,YAHOOA4,U_lstm_autoencoder_2.0,A4Benchmark-TS87,ed9672b8-a,12.526541,0.6666666666666666,,1,0,1
195,YAHOOA4,U_lstm_autoencoder_2.0,A4Benchmark-TS88,ed9672b8-a,12.162898,0.375,,0,10,3
196,YAHOOA4,U_lstm_autoencoder_2.0,A4Benchmark-TS89,ed9672b8-a,12.126971,0.5,,0,6,3
197,YAHOOA4,U_lstm_autoencoder_2.0,A4Benchmark-TS8,ed9672b8-a,10.892077,0.375,,0,10,3
198,YAHOOA4,U_lstm_autoencoder_2.0,A4Benchmark-TS90,ed9672b8-a,11.991577,0.5882352941176471,,0,7,5
199,YAHOOA4,U_lstm_autoencoder_2.0,A4Benchmark-TS91,ed9672b8-a,9.086784,0.0,,2,12,0
200,YAHOOA4,U_lstm_autoencoder_2.0,A4Benchmark-TS92,ed9672b8-a,11.817078,0.42105263157894735,,0,11,4
201,YAHOOA4,U_lstm_autoencoder_2.0,A4Benchmark-TS93,ed9672b8-a,10.954876,0.0,,0,6,0
202,YAHOOA4,U_lstm_autoencoder_2.0,A4Benchmark-TS94,ed9672b8-a,11.852089,0.0,,0,13,0
203,YAHOOA4,U_lstm_autoencoder_2.0,A4Benchmark-TS95,ed9672b8-a,11.606449,0.3333333333333333,,0,4,1
204,YAHOOA4,U_lstm_autoencoder_2.0,A4Benchmark-TS96,ed9672b8-a,12.266728,0.8,,1,0,2
205,YAHOOA4,U_lstm_autoencoder_2.0,A4Benchmark-TS97,ed9672b8-a,8.043516,0.0,,1,16,0
206,YAHOOA4,U_lstm_autoencoder_2.0,A4Benchmark-TS98,ed9672b8-a,12.039855,0.0,,0,15,0
207,YAHOOA4,U_lstm_autoencoder_2.0,A4Benchmark-TS99,ed9672b8-a,12.052559,0.7692307692307693,,1,5,10
208,YAHOOA4,U_lstm_autoencoder_2.0,A4Benchmark-TS9,ed9672b8-a,12.214228,0.0,,1,1,0
209,artificialWithAnomaly,U_lstm_autoencoder_2.0,art_daily_flatmiddle,ed9672b8-a,63.078787,0.0,,0,1,0
210,artificialWithAnomaly,U_lstm_autoencoder_2.0,art_daily_jumpsdown,ed9672b8-a,14.241582,0.0,,0,1,0
211,artificialWithAnomaly,U_lstm_autoencoder_2.0,art_daily_jumpsup,ed9672b8-a,13.979553,1.0,,0,0,1
212,artificialWithAnomaly,U_lstm_autoencoder_2.0,art_daily_nojump,ed9672b8-a,13.931362,0.0,,0,1,0
213,artificialWithAnomaly,U_lstm_autoencoder_2.0,art_increase_spike_density,ed9672b8-a,9.840788,0.0,,0,1,0
214,artificialWithAnomaly,U_lstm_autoencoder_2.0,art_load_balancer_spikes,ed9672b8-a,11.31825,0.6666666666666666,,1,0,1
215,SMAP,U_lstm_autoencoder_2.0,B-1,ed9672b8-a,16.46215,0.5,,2,0,1
216,MSL,U_lstm_autoencoder_2.0,C-1,ed9672b8-a,15.033949,0.0,,0,2,0
217,MSL,U_lstm_autoencoder_2.0,C-2,ed9672b8-a,8.656275,0.0,,0,2,0
218,SMAP,U_lstm_autoencoder_2.0,D-11,ed9672b8-a,13.978928,1.0,,0,0,1
219,SMAP,U_lstm_autoencoder_2.0,D-12,ed9672b8-a,11.742845,0.6666666666666666,,1,0,1
220,SMAP,U_lstm_autoencoder_2.0,D-13,ed9672b8-a,14.646772,0.5,,2,0,1
221,MSL,U_lstm_autoencoder_2.0,D-14,ed9672b8-a,13.382276,0.5,,1,1,1
222,MSL,U_lstm_autoencoder_2.0,D-15,ed9672b8-a,14.463639,0.0,,0,1,0
223,MSL,U_lstm_autoencoder_2.0,D-16,ed9672b8-a,10.595211,1.0,,0,0,1
224,SMAP,U_lstm_autoencoder_2.0,D-1,ed9672b8-a,20.245666,0.6666666666666666,,1,0,1
225,SMAP,U_lstm_autoencoder_2.0,D-2,ed9672b8-a,17.605586,1.0,,0,0,1
226,SMAP,U_lstm_autoencoder_2.0,D-3,ed9672b8-a,18.921691,1.0,,0,0,1
227,SMAP,U_lstm_autoencoder_2.0,D-4,ed9672b8-a,17.652001,1.0,,0,0,1
228,SMAP,U_lstm_autoencoder_2.0,D-5,ed9672b8-a,21.125244,0.0,,0,1,0
229,SMAP,U_lstm_autoencoder_2.0,D-6,ed9672b8-a,21.568695,0.5,,2,0,1
230,SMAP,U_lstm_autoencoder_2.0,D-7,ed9672b8-a,16.26426,0.6666666666666666,,1,0,1
231,SMAP,U_lstm_autoencoder_2.0,D-8,ed9672b8-a,16.738707,0.6666666666666666,,1,0,1
232,SMAP,U_lstm_autoencoder_2.0,D-9,ed9672b8-a,16.100041,1.0,,0,0,1
233,SMAP,U_lstm_autoencoder_2.0,E-10,ed9672b8-a,23.621424,1.0,,0,0,2
234,SMAP,U_lstm_autoencoder_2.0,E-11,ed9672b8-a,23.708932,1.0,,0,0,2
235,SMAP,U_lstm_autoencoder_2.0,E-12,ed9672b8-a,23.546426,0.6666666666666666,,0,1,1
236,SMAP,U_lstm_autoencoder_2.0,E-13,ed9672b8-a,23.56715,0.0,,0,3,0
237,SMAP,U_lstm_autoencoder_2.0,E-1,ed9672b8-a,23.480493,0.8,,1,0,2
238,SMAP,U_lstm_autoencoder_2.0,E-2,ed9672b8-a,23.628447,1.0,,0,0,1
239,SMAP,U_lstm_autoencoder_2.0,E-3,ed9672b8-a,23.245588,1.0,,0,0,1
240,SMAP,U_lstm_autoencoder_2.0,E-4,ed9672b8-a,23.468308,0.0,,0,1,0
241,SMAP,U_lstm_autoencoder_2.0,E-5,ed9672b8-a,23.283165,0.0,,0,1,0
242,SMAP,U_lstm_autoencoder_2.0,E-6,ed9672b8-a,23.428347,0.6666666666666666,,1,0,1
243,SMAP,U_lstm_autoencoder_2.0,E-7,ed9672b8-a,20.11213,1.0,,0,0,1
244,SMAP,U_lstm_autoencoder_2.0,E-8,ed9672b8-a,22.065519,1.0,,0,0,1
245,SMAP,U_lstm_autoencoder_2.0,E-9,ed9672b8-a,23.132578,0.0,,0,1,0
246,realAWSCloudwatch,U_lstm_autoencoder_2.0,ec2_cpu_utilization_24ae8d,ed9672b8-a,11.592936,0.6666666666666666,,0,1,1
247,realAWSCloudwatch,U_lstm_autoencoder_2.0,ec2_cpu_utilization_53ea38,ed9672b8-a,10.320466,0.6666666666666666,,0,1,1
248,realAWSCloudwatch,U_lstm_autoencoder_2.0,ec2_cpu_utilization_5f5533,ed9672b8-a,12.69497,1.0,,0,0,2
249,realAWSCloudwatch,U_lstm_autoencoder_2.0,ec2_cpu_utilization_77c1ca,ed9672b8-a,11.484199,0.0,,0,1,0
250,realAWSCloudwatch,U_lstm_autoencoder_2.0,ec2_cpu_utilization_825cc2,ed9672b8-a,11.742435,0.6666666666666666,,1,0,1
251,realAWSCloudwatch,U_lstm_autoencoder_2.0,ec2_cpu_utilization_ac20cd,ed9672b8-a,9.113274,0.6666666666666666,,1,0,1
252,realAWSCloudwatch,U_lstm_autoencoder_2.0,ec2_cpu_utilization_c6585a,ed9672b8-a,10.297326,0.0,,0,0,0
253,realAWSCloudwatch,U_lstm_autoencoder_2.0,ec2_cpu_utilization_fe7f93,ed9672b8-a,13.870758,0.8,,0,1,2
254,realAWSCloudwatch,U_lstm_autoencoder_2.0,ec2_disk_write_bytes_1ef3de,ed9672b8-a,15.970469,1.0,,0,0,1
255,realAWSCloudwatch,U_lstm_autoencoder_2.0,ec2_disk_write_bytes_c0d644,ed9672b8-a,11.02138,0.0,,1,3,0
256,realAWSCloudwatch,U_lstm_autoencoder_2.0,ec2_network_in_257a54,ed9672b8-a,10.41673,0.5,,2,0,1
257,realAWSCloudwatch,U_lstm_autoencoder_2.0,ec2_network_in_5abac7,ed9672b8-a,11.840956,0.6666666666666666,,0,1,1
258,realAWSCloudwatch,U_lstm_autoencoder_2.0,elb_request_count_8c0756,ed9672b8-a,11.763862,0.8,,1,0,2
259,realAdExchange,U_lstm_autoencoder_2.0,exchange-2_cpc_results,ed9672b8-a,12.089338,0.0,,3,1,0
260,realAdExchange,U_lstm_autoencoder_2.0,exchange-2_cpm_results,ed9672b8-a,12.24006,0.5,,1,1,1
261,realAdExchange,U_lstm_autoencoder_2.0,exchange-3_cpc_results,ed9672b8-a,9.428186,0.8571428571428571,,1,0,3
262,realAdExchange,U_lstm_autoencoder_2.0,exchange-3_cpm_results,ed9672b8-a,10.743823,0.5,,2,0,1
263,realAdExchange,U_lstm_autoencoder_2.0,exchange-4_cpm_results,ed9672b8-a,9.886382,0.8888888888888888,,1,0,4
264,SMAP,U_lstm_autoencoder_2.0,F-1,ed9672b8-a,17.58033,0.0,,1,1,0
265,SMAP,U_lstm_autoencoder_2.0,F-2,ed9672b8-a,17.190917,1.0,,0,0,1
266,SMAP,U_lstm_autoencoder_2.0,F-3,ed9672b8-a,21.296146,0.0,,0,1,0
267,MSL,U_lstm_autoencoder_2.0,F-4,ed9672b8-a,16.185476,0.0,,1,1,0
268,MSL,U_lstm_autoencoder_2.0,F-5,ed9672b8-a,16.439545,0.5,,2,0,1
269,MSL,U_lstm_autoencoder_2.0,F-7,ed9672b8-a,19.17404,0.0,,0,3,0
270,MSL,U_lstm_autoencoder_2.0,F-8,ed9672b8-a,20.095376,0.5,,2,0,1
271,SMAP,U_lstm_autoencoder_2.0,G-1,ed9672b8-a,22.410618,0.0,,1,1,0
272,SMAP,U_lstm_autoencoder_2.0,G-2,ed9672b8-a,15.322223,1.0,,0,0,1
273,SMAP,U_lstm_autoencoder_2.0,G-3,ed9672b8-a,16.444074,0.5,,2,0,1
274,SMAP,U_lstm_autoencoder_2.0,G-4,ed9672b8-a,21.434329,1.0,,0,0,1
275,SMAP,U_lstm_autoencoder_2.0,G-6,ed9672b8-a,23.256878,1.0,,0,0,1
276,SMAP,U_lstm_autoencoder_2.0,G-7,ed9672b8-a,16.278564,1.0,,0,0,3
277,realAWSCloudwatch,U_lstm_autoencoder_2.0,grok_asg_anomaly,ed9672b8-a,11.502407,0.5,,0,2,1
278,realAWSCloudwatch,U_lstm_autoencoder_2.0,iio_us-east-1_i-a2eb1cd9_NetworkIn,ed9672b8-a,6.843121,1.0,,0,0,2
279,MSL,U_lstm_autoencoder_2.0,M-1,ed9672b8-a,15.162369,0.6666666666666666,,1,0,1
280,MSL,U_lstm_autoencoder_2.0,M-2,ed9672b8-a,11.075188,0.0,,0,1,0
281,MSL,U_lstm_autoencoder_2.0,M-3,ed9672b8-a,12.722536,0.0,,0,1,0
282,MSL,U_lstm_autoencoder_2.0,M-4,ed9672b8-a,14.339277,0.0,,0,1,0
283,MSL,U_lstm_autoencoder_2.0,M-5,ed9672b8-a,14.038977,0.0,,0,1,0
284,MSL,U_lstm_autoencoder_2.0,M-6,ed9672b8-a,10.21368,0.5,,2,0,1
285,MSL,U_lstm_autoencoder_2.0,M-7,ed9672b8-a,11.201805,0.6666666666666666,,1,0,1
286,realTraffic,U_lstm_autoencoder_2.0,occupancy_6005,ed9672b8-a,15.544932,0.6666666666666666,,1,0,1
287,realTraffic,U_lstm_autoencoder_2.0,occupancy_t4013,ed9672b8-a,14.84838,0.6666666666666666,,0,1,1
288,MSL,U_lstm_autoencoder_2.0,P-10,ed9672b8-a,26.052616,1.0,,0,0,1
289,MSL,U_lstm_autoencoder_2.0,P-11,ed9672b8-a,23.587875,1.0,,0,0,2
290,MSL,U_lstm_autoencoder_2.0,P-14,ed9672b8-a,20.794375,1.0,,0,0,1
291,MSL,U_lstm_autoencoder_2.0,P-15,ed9672b8-a,21.866295,0.6666666666666666,,1,0,1
292,SMAP,U_lstm_autoencoder_2.0,P-1,ed9672b8-a,23.478222,0.0,,0,3,0
293,SMAP,U_lstm_autoencoder_2.0,P-3,ed9672b8-a,23.533564,1.0,,0,0,1
294,SMAP,U_lstm_autoencoder_2.0,P-4,ed9672b8-a,17.642183,1.0,,0,0,3
295,SMAP,U_lstm_autoencoder_2.0,P-7,ed9672b8-a,21.502135,1.0,,0,0,1
296,SMAP,U_lstm_autoencoder_2.0,R-1,ed9672b8-a,16.873399,1.0,,0,0,1
297,realAWSCloudwatch,U_lstm_autoencoder_2.0,rds_cpu_utilization_cc0c53,ed9672b8-a,10.570428,0.6666666666666666,,0,1,1
298,realAWSCloudwatch,U_lstm_autoencoder_2.0,rds_cpu_utilization_e47b3b,ed9672b8-a,13.775573,0.8,,1,0,2
299,YAHOOA1,U_lstm_autoencoder_2.0,real_10,ed9672b8-a,9.403979,1.0,,0,0,1
300,YAHOOA1,U_lstm_autoencoder_2.0,real_11,ed9672b8-a,8.674767,1.0,,0,0,1
301,YAHOOA1,U_lstm_autoencoder_2.0,real_12,ed9672b8-a,8.692357,0.6666666666666666,,0,1,1
302,YAHOOA1,U_lstm_autoencoder_2.0,real_13,ed9672b8-a,10.917827,0.8,,0,1,2
303,YAHOOA1,U_lstm_autoencoder_2.0,real_14,ed9672b8-a,10.348744,0.5,,2,0,1
304,YAHOOA1,U_lstm_autoencoder_2.0,real_15,ed9672b8-a,11.072216,0.8,,0,1,2
305,YAHOOA1,U_lstm_autoencoder_2.0,real_16,ed9672b8-a,8.997874,1.0,,0,0,1
306,YAHOOA1,U_lstm_autoencoder_2.0,real_17,ed9672b8-a,10.499146,0.4,,1,2,1
307,YAHOOA1,U_lstm_autoencoder_2.0,real_18,ed9672b8-a,9.303097,0.5,,2,0,1
308,YAHOOA1,U_lstm_autoencoder_2.0,real_19,ed9672b8-a,10.944944,0.0,,1,3,0
309,YAHOOA1,U_lstm_autoencoder_2.0,real_1,ed9672b8-a,10.379589,1.0,,0,0,2
310,YAHOOA1,U_lstm_autoencoder_2.0,real_20,ed9672b8-a,10.383417,0.6666666666666666,,1,1,2
311,YAHOOA1,U_lstm_autoencoder_2.0,real_21,ed9672b8-a,9.646582,1.0,,0,0,2
312,YAHOOA1,U_lstm_autoencoder_2.0,real_22,ed9672b8-a,8.493235,0.0,,3,1,0
313,YAHOOA1,U_lstm_autoencoder_2.0,real_23,ed9672b8-a,9.42089,0.8571428571428571,,0,3,9
314,YAHOOA1,U_lstm_autoencoder_2.0,real_24,ed9672b8-a,8.799572,1.0,,0,0,3
315,YAHOOA1,U_lstm_autoencoder_2.0,real_25,ed9672b8-a,8.87453,1.0,,0,0,1
316,YAHOOA1,U_lstm_autoencoder_2.0,real_26,ed9672b8-a,10.603382,0.0,,1,5,0
317,YAHOOA1,U_lstm_autoencoder_2.0,real_27,ed9672b8-a,10.925754,0.6666666666666666,,0,1,1
318,YAHOOA1,U_lstm_autoencoder_2.0,real_28,ed9672b8-a,9.668983,0.0,,0,4,0
319,YAHOOA1,U_lstm_autoencoder_2.0,real_29,ed9672b8-a,9.74915,0.8888888888888888,,0,1,4
320,YAHOOA1,U_lstm_autoencoder_2.0,real_2,ed9672b8-a,9.3799,0.4,,2,1,1
321,YAHOOA1,U_lstm_autoencoder_2.0,real_30,ed9672b8-a,10.462741,0.5,,1,1,1
322,YAHOOA1,U_lstm_autoencoder_2.0,real_31,ed9672b8-a,11.184126,0.0,,3,2,0
323,YAHOOA1,U_lstm_autoencoder_2.0,real_32,ed9672b8-a,6.74345,0.0,,3,2,0
324,YAHOOA1,U_lstm_autoencoder_2.0,real_33,ed9672b8-a,10.377857,0.0,,1,1,0
325,YAHOOA1,U_lstm_autoencoder_2.0,real_34,ed9672b8-a,10.981292,0.5714285714285714,,1,2,2
326,YAHOOA1,U_lstm_autoencoder_2.0,real_35,ed9672b8-a,10.963981,0.0,,0,0,0
327,YAHOOA1,U_lstm_autoencoder_2.0,real_36,ed9672b8-a,9.531499,0.8,,1,0,2
328,YAHOOA1,U_lstm_autoencoder_2.0,real_37,ed9672b8-a,10.235835,0.0,,1,2,0
329,YAHOOA1,U_lstm_autoencoder_2.0,real_38,ed9672b8-a,10.973375,0.6666666666666666,,1,1,2
330,YAHOOA1,U_lstm_autoencoder_2.0,real_39,ed9672b8-a,9.48927,0.6666666666666666,,0,2,2
331,YAHOOA1,U_lstm_autoencoder_2.0,real_3,ed9672b8-a,9.458368,0.6666666666666666,,0,1,1
332,YAHOOA1,U_lstm_autoencoder_2.0,real_40,ed9672b8-a,10.918138,0.0,,0,2,0
333,YAHOOA1,U_lstm_autoencoder_2.0,real_41,ed9672b8-a,9.232204,0.8571428571428571,,1,0,3
334,YAHOOA1,U_lstm_autoencoder_2.0,real_42,ed9672b8-a,9.025994,0.0,,3,3,0
335,YAHOOA1,U_lstm_autoencoder_2.0,real_43,ed9672b8-a,11.024724,0.6666666666666666,,1,1,2
336,YAHOOA1,U_lstm_autoencoder_2.0,real_44,ed9672b8-a,10.352137,1.0,,0,0,3
337,YAHOOA1,U_lstm_autoencoder_2.0,real_45,ed9672b8-a,8.673571,1.0,,0,0,1
338,YAHOOA1,U_lstm_autoencoder_2.0,real_46,ed9672b8-a,11.01953,0.3333333333333333,,2,2,1
339,YAHOOA1,U_lstm_autoencoder_2.0,real_47,ed9672b8-a,10.732148,0.9090909090909091,,1,0,5
340,YAHOOA1,U_lstm_autoencoder_2.0,real_48,ed9672b8-a,10.684233,0.6666666666666666,,1,0,1
341,YAHOOA1,U_lstm_autoencoder_2.0,real_49,ed9672b8-a,8.633407,0.5,,2,0,1
342,YAHOOA1,U_lstm_autoencoder_2.0,real_4,ed9672b8-a,8.530173,0.6666666666666666,,3,0,3
343,YAHOOA1,U_lstm_autoencoder_2.0,real_50,ed9672b8-a,10.399453,0.0,,1,1,0
344,YAHOOA1,U_lstm_autoencoder_2.0,real_51,ed9672b8-a,10.914138,0.8,,0,1,2
345,YAHOOA1,U_lstm_autoencoder_2.0,real_52,ed9672b8-a,10.939806,0.75,,1,1,3
346,YAHOOA1,U_lstm_autoencoder_2.0,real_53,ed9672b8-a,9.090746,0.8571428571428571,,0,1,3
347,YAHOOA1,U_lstm_autoencoder_2.0,real_54,ed9672b8-a,7.031162,0.8,,1,0,2
348,YAHOOA1,U_lstm_autoencoder_2.0,real_55,ed9672b8-a,10.866525,0.75,,1,1,3
349,YAHOOA1,U_lstm_autoencoder_2.0,real_56,ed9672b8-a,11.015351,0.4,,0,3,1
350,YAHOOA1,U_lstm_autoencoder_2.0,real_57,ed9672b8-a,10.414102,0.0,,1,3,0
351,YAHOOA1,U_lstm_autoencoder_2.0,real_58,ed9672b8-a,8.744666,0.6666666666666666,,1,0,1
352,YAHOOA1,U_lstm_autoencoder_2.0,real_59,ed9672b8-a,8.704997,0.0,,0,0,0
353,YAHOOA1,U_lstm_autoencoder_2.0,real_5,ed9672b8-a,9.08808,0.5,,2,0,1
354,YAHOOA1,U_lstm_autoencoder_2.0,real_60,ed9672b8-a,9.648436,0.8888888888888888,,0,1,4
355,YAHOOA1,U_lstm_autoencoder_2.0,real_61,ed9672b8-a,9.71198,0.0,,1,2,0
356,YAHOOA1,U_lstm_autoencoder_2.0,real_62,ed9672b8-a,6.985401,1.0,,0,0,5
357,YAHOOA1,U_lstm_autoencoder_2.0,real_63,ed9672b8-a,10.858568,0.0,,0,1,0
358,YAHOOA1,U_lstm_autoencoder_2.0,real_64,ed9672b8-a,9.297393,0.0,,0,0,0
359,YAHOOA1,U_lstm_autoencoder_2.0,real_65,ed9672b8-a,11.041357,1.0,,0,0,3
360,YAHOOA1,U_lstm_autoencoder_2.0,real_66,ed9672b8-a,9.098808,0.2857142857142857,,0,5,1
361,YAHOOA1,U_lstm_autoencoder_2.0,real_67,ed9672b8-a,9.381441,0.8888888888888888,,0,1,4
362,YAHOOA1,U_lstm_autoencoder_2.0,real_6,ed9672b8-a,9.953693,0.0,,3,1,0
363,YAHOOA1,U_lstm_autoencoder_2.0,real_7,ed9672b8-a,9.473833,1.0,,0,0,3
364,YAHOOA1,U_lstm_autoencoder_2.0,real_8,ed9672b8-a,10.726984,0.8571428571428571,,1,0,3
365,YAHOOA1,U_lstm_autoencoder_2.0,real_9,ed9672b8-a,8.438403,0.8571428571428571,,0,1,3
366,SMAP,U_lstm_autoencoder_2.0,S-1,ed9672b8-a,22.26896,0.0,,0,1,0
367,MSL,U_lstm_autoencoder_2.0,S-2,ed9672b8-a,9.365776,0.6666666666666666,,1,0,1
368,realTraffic,U_lstm_autoencoder_2.0,speed_6005,ed9672b8-a,11.466247,0.0,,1,1,0
369,realTraffic,U_lstm_autoencoder_2.0,speed_7578,ed9672b8-a,10.422109,0.75,,1,1,3
370,realTraffic,U_lstm_autoencoder_2.0,speed_t4013,ed9672b8-a,13.17359,0.6666666666666666,,0,1,1
371,YAHOOA2,U_lstm_autoencoder_2.0,synthetic_100,ed9672b8-a,8.95784,1.0,,0,0,2
372,YAHOOA2,U_lstm_autoencoder_2.0,synthetic_10,ed9672b8-a,11.021964,1.0,,0,0,2
373,YAHOOA2,U_lstm_autoencoder_2.0,synthetic_11,ed9672b8-a,10.919696,0.8571428571428571,,1,0,3
374,YAHOOA2,U_lstm_autoencoder_2.0,synthetic_12,ed9672b8-a,10.897824,1.0,,0,0,1
375,YAHOOA2,U_lstm_autoencoder_2.0,synthetic_13,ed9672b8-a,10.978506,1.0,,0,0,2
376,YAHOOA2,U_lstm_autoencoder_2.0,synthetic_14,ed9672b8-a,10.991425,1.0,,0,0,3
377,YAHOOA2,U_lstm_autoencoder_2.0,synthetic_15,ed9672b8-a,10.931464,1.0,,0,0,1
378,YAHOOA2,U_lstm_autoencoder_2.0,synthetic_16,ed9672b8-a,10.984146,1.0,,0,0,2
379,YAHOOA2,U_lstm_autoencoder_2.0,synthetic_17,ed9672b8-a,11.059872,1.0,,0,0,3
380,YAHOOA2,U_lstm_autoencoder_2.0,synthetic_18,ed9672b8-a,11.229284,1.0,,0,0,1
381,YAHOOA2,U_lstm_autoencoder_2.0,synthetic_19,ed9672b8-a,11.238542,1.0,,0,0,2
382,YAHOOA2,U_lstm_autoencoder_2.0,synthetic_1,ed9672b8-a,11.005455,0.8,,1,0,2
383,YAHOOA2,U_lstm_autoencoder_2.0,synthetic_20,ed9672b8-a,11.153762,1.0,,0,0,3
384,YAHOOA2,U_lstm_autoencoder_2.0,synthetic_21,ed9672b8-a,10.044377,0.6666666666666666,,1,0,1
385,YAHOOA2,U_lstm_autoencoder_2.0,synthetic_22,ed9672b8-a,10.918371,1.0,,0,0,2
386,YAHOOA2,U_lstm_autoencoder_2.0,synthetic_23,ed9672b8-a,10.680513,1.0,,0,0,3
387,YAHOOA2,U_lstm_autoencoder_2.0,synthetic_24,ed9672b8-a,10.885921,0.0,,0,1,0
388,YAHOOA2,U_lstm_autoencoder_2.0,synthetic_25,ed9672b8-a,11.174651,1.0,,0,0,2
389,YAHOOA2,U_lstm_autoencoder_2.0,synthetic_26,ed9672b8-a,10.875154,1.0,,0,0,3
390,YAHOOA2,U_lstm_autoencoder_2.0,synthetic_27,ed9672b8-a,9.515949,1.0,,0,0,1
391,YAHOOA2,U_lstm_autoencoder_2.0,synthetic_28,ed9672b8-a,10.200485,1.0,,0,0,2
392,YAHOOA2,U_lstm_autoencoder_2.0,synthetic_29,ed9672b8-a,10.998433,1.0,,0,0,3
393,YAHOOA2,U_lstm_autoencoder_2.0,synthetic_2,ed9672b8-a,11.004599,0.8571428571428571,,1,0,3
394,YAHOOA2,U_lstm_autoencoder_2.0,synthetic_30,ed9672b8-a,10.990337,1.0,,0,0,1
395,YAHOOA2,U_lstm_autoencoder_2.0,synthetic_31,ed9672b8-a,11.305907,1.0,,0,0,2
396,YAHOOA2,U_lstm_autoencoder_2.0,synthetic_32,ed9672b8-a,10.86686,1.0,,0,0,3
397,YAHOOA2,U_lstm_autoencoder_2.0,synthetic_33,ed9672b8-a,11.037207,1.0,,0,0,1
398,YAHOOA2,U_lstm_autoencoder_2.0,synthetic_34,ed9672b8-a,11.100198,1.0,,0,0,2
399,YAHOOA2,U_lstm_autoencoder_2.0,synthetic_35,ed9672b8-a,10.512687,1.0,,0,0,3
400,YAHOOA2,U_lstm_autoencoder_2.0,synthetic_36,ed9672b8-a,9.921918,0.0,,0,1,0
401,YAHOOA2,U_lstm_autoencoder_2.0,synthetic_37,ed9672b8-a,9.234907,1.0,,0,0,2
402,YAHOOA2,U_lstm_autoencoder_2.0,synthetic_38,ed9672b8-a,11.000847,1.0,,0,0,3
403,YAHOOA2,U_lstm_autoencoder_2.0,synthetic_39,ed9672b8-a,8.82427,1.0,,0,0,1
404,YAHOOA2,U_lstm_autoencoder_2.0,synthetic_3,ed9672b8-a,11.078132,0.5,,2,0,1
405,YAHOOA2,U_lstm_autoencoder_2.0,synthetic_40,ed9672b8-a,10.860769,1.0,,0,0,2
406,YAHOOA2,U_lstm_autoencoder_2.0,synthetic_41,ed9672b8-a,11.129773,1.0,,0,0,3
407,YAHOOA2,U_lstm_autoencoder_2.0,synthetic_42,ed9672b8-a,9.610667,0.6666666666666666,,1,0,1
408,YAHOOA2,U_lstm_autoencoder_2.0,synthetic_43,ed9672b8-a,10.936292,1.0,,0,0,2
409,YAHOOA2,U_lstm_autoencoder_2.0,synthetic_44,ed9672b8-a,11.101434,1.0,,0,0,3
410,YAHOOA2,U_lstm_autoencoder_2.0,synthetic_45,ed9672b8-a,10.998046,1.0,,0,0,1
411,YAHOOA2,U_lstm_autoencoder_2.0,synthetic_46,ed9672b8-a,11.137936,1.0,,0,0,2
412,YAHOOA2,U_lstm_autoencoder_2.0,synthetic_47,ed9672b8-a,11.126574,1.0,,0,0,3
413,YAHOOA2,U_lstm_autoencoder_2.0,synthetic_48,ed9672b8-a,11.387394,1.0,,0,0,1
414,YAHOOA2,U_lstm_autoencoder_2.0,synthetic_49,ed9672b8-a,9.944452,1.0,,0,0,2
415,YAHOOA2,U_lstm_autoencoder_2.0,synthetic_4,ed9672b8-a,11.05776,1.0,,0,0,2
416,YAHOOA2,U_lstm_autoencoder_2.0,synthetic_50,ed9672b8-a,10.931671,1.0,,0,0,3
417,YAHOOA2,U_lstm_autoencoder_2.0,synthetic_51,ed9672b8-a,8.936114,1.0,,0,0,1
418,YAHOOA2,U_lstm_autoencoder_2.0,synthetic_52,ed9672b8-a,11.062715,1.0,,0,0,2
419,YAHOOA2,U_lstm_autoencoder_2.0,synthetic_53,ed9672b8-a,10.842753,1.0,,0,0,3
420,YAHOOA2,U_lstm_autoencoder_2.0,synthetic_54,ed9672b8-a,11.081458,0.0,,0,1,0
421,YAHOOA2,U_lstm_autoencoder_2.0,synthetic_55,ed9672b8-a,11.088742,1.0,,0,0,2
422,YAHOOA2,U_lstm_autoencoder_2.0,synthetic_56,ed9672b8-a,10.909402,1.0,,0,0,3
423,YAHOOA2,U_lstm_autoencoder_2.0,synthetic_57,ed9672b8-a,10.465042,1.0,,0,0,1
424,YAHOOA2,U_lstm_autoencoder_2.0,synthetic_58,ed9672b8-a,10.976734,1.0,,0,0,2
425,YAHOOA2,U_lstm_autoencoder_2.0,synthetic_59,ed9672b8-a,11.109996,1.0,,0,0,3
426,YAHOOA2,U_lstm_autoencoder_2.0,synthetic_5,ed9672b8-a,10.973287,0.8571428571428571,,1,0,3
427,YAHOOA2,U_lstm_autoencoder_2.0,synthetic_60,ed9672b8-a,10.013811,1.0,,0,0,1
428,YAHOOA2,U_lstm_autoencoder_2.0,synthetic_61,ed9672b8-a,13.797467,0.8,,1,0,2
429,YAHOOA2,U_lstm_autoencoder_2.0,synthetic_62,ed9672b8-a,9.589845,1.0,,0,0,3
430,YAHOOA2,U_lstm_autoencoder_2.0,synthetic_63,ed9672b8-a,9.311019,1.0,,0,0,1
431,YAHOOA2,U_lstm_autoencoder_2.0,synthetic_64,ed9672b8-a,10.968962,1.0,,0,0,2
432,YAHOOA2,U_lstm_autoencoder_2.0,synthetic_65,ed9672b8-a,8.73726,1.0,,0,0,3
433,YAHOOA2,U_lstm_autoencoder_2.0,synthetic_66,ed9672b8-a,10.9968,0.6666666666666666,,1,0,1
434,YAHOOA2,U_lstm_autoencoder_2.0,synthetic_67,ed9672b8-a,10.031241,1.0,,0,0,2
435,YAHOOA2,U_lstm_autoencoder_2.0,synthetic_68,ed9672b8-a,10.989504,1.0,,0,0,3
436,YAHOOA2,U_lstm_autoencoder_2.0,synthetic_69,ed9672b8-a,9.286222,1.0,,0,0,1
437,YAHOOA2,U_lstm_autoencoder_2.0,synthetic_6,ed9672b8-a,11.045265,0.6666666666666666,,1,0,1
438,YAHOOA2,U_lstm_autoencoder_2.0,synthetic_70,ed9672b8-a,11.187536,1.0,,0,0,2
439,YAHOOA2,U_lstm_autoencoder_2.0,synthetic_71,ed9672b8-a,11.115099,1.0,,0,0,3
440,YAHOOA2,U_lstm_autoencoder_2.0,synthetic_72,ed9672b8-a,9.020232,1.0,,0,0,1
441,YAHOOA2,U_lstm_autoencoder_2.0,synthetic_73,ed9672b8-a,11.097539,1.0,,0,0,2
442,YAHOOA2,U_lstm_autoencoder_2.0,synthetic_74,ed9672b8-a,11.3492,1.0,,0,0,3
443,YAHOOA2,U_lstm_autoencoder_2.0,synthetic_75,ed9672b8-a,11.271437,1.0,,0,0,1
444,YAHOOA2,U_lstm_autoencoder_2.0,synthetic_76,ed9672b8-a,8.977794,1.0,,0,0,2
445,YAHOOA2,U_lstm_autoencoder_2.0,synthetic_77,ed9672b8-a,13.373933,1.0,,0,0,3
446,YAHOOA2,U_lstm_autoencoder_2.0,synthetic_78,ed9672b8-a,10.073929,1.0,,0,0,1
447,YAHOOA2,U_lstm_autoencoder_2.0,synthetic_79,ed9672b8-a,9.314429,1.0,,0,0,2
448,YAHOOA2,U_lstm_autoencoder_2.0,synthetic_7,ed9672b8-a,11.15149,0.8,,1,0,2
449,YAHOOA2,U_lstm_autoencoder_2.0,synthetic_80,ed9672b8-a,10.999854,1.0,,0,0,3
450,YAHOOA2,U_lstm_autoencoder_2.0,synthetic_81,ed9672b8-a,9.94015,1.0,,0,0,1
451,YAHOOA2,U_lstm_autoencoder_2.0,synthetic_82,ed9672b8-a,10.950957,1.0,,0,0,2
452,YAHOOA2,U_lstm_autoencoder_2.0,synthetic_83,ed9672b8-a,9.501521,1.0,,0,0,3
453,YAHOOA2,U_lstm_autoencoder_2.0,synthetic_84,ed9672b8-a,9.941095,1.0,,0,0,1
454,YAHOOA2,U_lstm_autoencoder_2.0,synthetic_85,ed9672b8-a,10.994568,1.0,,0,0,2
455,YAHOOA2,U_lstm_autoencoder_2.0,synthetic_86,ed9672b8-a,11.064224,1.0,,0,0,3
456,YAHOOA2,U_lstm_autoencoder_2.0,synthetic_87,ed9672b8-a,10.860784,1.0,,0,0,1
457,YAHOOA2,U_lstm_autoencoder_2.0,synthetic_88,ed9672b8-a,9.664667,1.0,,0,0,2
458,YAHOOA2,U_lstm_autoencoder_2.0,synthetic_89,ed9672b8-a,11.34931,1.0,,0,0,3
459,YAHOOA2,U_lstm_autoencoder_2.0,synthetic_8,ed9672b8-a,11.029667,1.0,,0,0,3
460,YAHOOA2,U_lstm_autoencoder_2.0,synthetic_90,ed9672b8-a,9.188654,1.0,,0,0,1
461,YAHOOA2,U_lstm_autoencoder_2.0,synthetic_91,ed9672b8-a,9.030224,1.0,,0,0,2
462,YAHOOA2,U_lstm_autoencoder_2.0,synthetic_92,ed9672b8-a,10.862131,1.0,,0,0,3
463,YAHOOA2,U_lstm_autoencoder_2.0,synthetic_93,ed9672b8-a,10.030307,1.0,,0,0,1
464,YAHOOA2,U_lstm_autoencoder_2.0,synthetic_94,ed9672b8-a,11.133757,1.0,,0,0,2
465,YAHOOA2,U_lstm_autoencoder_2.0,synthetic_95,ed9672b8-a,11.065781,1.0,,0,0,3
466,YAHOOA2,U_lstm_autoencoder_2.0,synthetic_96,ed9672b8-a,11.067675,1.0,,0,0,1
467,YAHOOA2,U_lstm_autoencoder_2.0,synthetic_97,ed9672b8-a,8.780786,1.0,,0,0,2
468,YAHOOA2,U_lstm_autoencoder_2.0,synthetic_98,ed9672b8-a,8.856212,1.0,,0,0,3
469,YAHOOA2,U_lstm_autoencoder_2.0,synthetic_99,ed9672b8-a,10.892982,1.0,,0,0,1
470,YAHOOA2,U_lstm_autoencoder_2.0,synthetic_9,ed9672b8-a,10.930104,0.6666666666666666,,1,0,1
471,MSL,U_lstm_autoencoder_2.0,T-12,ed9672b8-a,9.811942,0.5,,2,0,1
472,MSL,U_lstm_autoencoder_2.0,T-13,ed9672b8-a,10.845223,0.0,,1,2,0
473,SMAP,U_lstm_autoencoder_2.0,T-1,ed9672b8-a,23.721207,0.6666666666666666,,0,1,1
474,SMAP,U_lstm_autoencoder_2.0,T-2,ed9672b8-a,23.383686,0.0,,1,1,0
475,SMAP,U_lstm_autoencoder_2.0,T-3,ed9672b8-a,23.18511,1.0,,0,0,2
476,MSL,U_lstm_autoencoder_2.0,T-4,ed9672b8-a,15.475818,0.0,,0,1,0
477,MSL,U_lstm_autoencoder_2.0,T-5,ed9672b8-a,10.867938,0.6666666666666666,,1,0,1
478,MSL,U_lstm_autoencoder_2.0,T-8,ed9672b8-a,8.326535,0.0,,1,2,0
479,MSL,U_lstm_autoencoder_2.0,T-9,ed9672b8-a,5.219148,0.5,,1,1,1
480,realTraffic,U_lstm_autoencoder_2.0,TravelTime_387,ed9672b8-a,31.090087,0.4,,1,2,1
481,realTraffic,U_lstm_autoencoder_2.0,TravelTime_451,ed9672b8-a,23.091517,0.6666666666666666,,1,0,1
482,realTweets,U_lstm_autoencoder_2.0,Twitter_volume_AAPL,ed9672b8-a,25.340751,0.5714285714285714,,1,2,2
483,realTweets,U_lstm_autoencoder_2.0,Twitter_volume_AMZN,ed9672b8-a,24.877346,0.6666666666666666,,0,2,2
484,realTweets,U_lstm_autoencoder_2.0,Twitter_volume_CRM,ed9672b8-a,25.382915,0.8571428571428571,,1,0,3
485,realTweets,U_lstm_autoencoder_2.0,Twitter_volume_CVS,ed9672b8-a,24.859187,0.8,,0,1,2
486,realTweets,U_lstm_autoencoder_2.0,Twitter_volume_FB,ed9672b8-a,24.950657,0.6666666666666666,,2,0,2
487,realTweets,U_lstm_autoencoder_2.0,Twitter_volume_GOOG,ed9672b8-a,30.295056,0.4,,1,2,1
488,realTweets,U_lstm_autoencoder_2.0,Twitter_volume_IBM,ed9672b8-a,34.583051,0.4,,2,1,1
489,realTweets,U_lstm_autoencoder_2.0,Twitter_volume_KO,ed9672b8-a,24.908413,0.8,,0,1,2
490,realTweets,U_lstm_autoencoder_2.0,Twitter_volume_PFE,ed9672b8-a,44.475072,0.0,,0,4,0
491,realTweets,U_lstm_autoencoder_2.0,Twitter_volume_UPS,ed9672b8-a,27.45805,0.0,,1,5,0
0,UCR,U_lstm_autoencoder_2.0-UCR,001-DISTORTED1sddb40,1dba7dd2-0,182.083499,0.5,,2,0,1
1,UCR,U_lstm_autoencoder_2.0-UCR,002-DISTORTED2sddb40,1dba7dd2-0,167.834989,0.0,,4,1,0
2,UCR,U_lstm_autoencoder_2.0-UCR,003-DISTORTED3sddb40,1dba7dd2-0,202.55163,0.5,,2,0,1
3,UCR,U_lstm_autoencoder_2.0-UCR,004-DISTORTEDBIDMC1,1dba7dd2-0,23.284975,0.6666666666666666,,1,0,1
4,UCR,U_lstm_autoencoder_2.0-UCR,005-DISTORTEDCIMIS44AirTemperature1,1dba7dd2-0,25.657385,0.0,,0,1,0
5,UCR,U_lstm_autoencoder_2.0-UCR,006-DISTORTEDCIMIS44AirTemperature2,1dba7dd2-0,25.513606,0.6666666666666666,,1,0,1
6,UCR,U_lstm_autoencoder_2.0-UCR,007-DISTORTEDCIMIS44AirTemperature3,1dba7dd2-0,25.701564,0.6666666666666666,,1,0,1
7,UCR,U_lstm_autoencoder_2.0-UCR,008-DISTORTEDCIMIS44AirTemperature4,1dba7dd2-0,25.538027,1.0,,0,0,1
8,UCR,U_lstm_autoencoder_2.0-UCR,009-DISTORTEDCIMIS44AirTemperature5,1dba7dd2-0,25.101586,0.5,,2,0,1
9,UCR,U_lstm_autoencoder_2.0-UCR,010-DISTORTEDCIMIS44AirTemperature6,1dba7dd2-0,25.439814,0.6666666666666666,,1,0,1
10,UCR,U_lstm_autoencoder_2.0-UCR,011-DISTORTEDECG1,1dba7dd2-0,67.776453,0.4,,3,0,1
11,UCR,U_lstm_autoencoder_2.0-UCR,012-DISTORTEDECG2,1dba7dd2-0,93.833036,0.4,,3,0,1
12,UCR,U_lstm_autoencoder_2.0-UCR,013-DISTORTEDECG3,1dba7dd2-0,85.687921,0.6666666666666666,,1,0,1
13,UCR,U_lstm_autoencoder_2.0-UCR,014-DISTORTEDECG3,1dba7dd2-0,61.18954,0.0,,2,1,0
14,UCR,U_lstm_autoencoder_2.0-UCR,015-DISTORTEDECG4,1dba7dd2-0,207.462626,0.2857142857142857,,5,0,1
15,UCR,U_lstm_autoencoder_2.0-UCR,016-DISTORTEDECG4,1dba7dd2-0,50.740357,0.6666666666666666,,1,0,1
16,UCR,U_lstm_autoencoder_2.0-UCR,017-DISTORTEDECG4,1dba7dd2-0,50.847868,0.6666666666666666,,1,0,1
17,UCR,U_lstm_autoencoder_2.0-UCR,018-DISTORTEDECG4,1dba7dd2-0,60.941829,0.0,,0,1,0
18,UCR,U_lstm_autoencoder_2.0-UCR,019-DISTORTEDGP711MarkerLFM5z1,1dba7dd2-0,33.260759,0.0,,0,1,0
19,UCR,U_lstm_autoencoder_2.0-UCR,020-DISTORTEDGP711MarkerLFM5z2,1dba7dd2-0,33.295611,0.5,,2,0,1
20,UCR,U_lstm_autoencoder_2.0-UCR,021-DISTORTEDGP711MarkerLFM5z3,1dba7dd2-0,32.767578,0.0,,2,1,0
21,UCR,U_lstm_autoencoder_2.0-UCR,022-DISTORTEDGP711MarkerLFM5z4,1dba7dd2-0,29.095724,1.0,,0,0,1
22,UCR,U_lstm_autoencoder_2.0-UCR,023-DISTORTEDGP711MarkerLFM5z5,1dba7dd2-0,33.041308,0.0,,1,1,0
23,UCR,U_lstm_autoencoder_2.0-UCR,024-DISTORTEDInternalBleeding10,1dba7dd2-0,22.255497,1.0,,0,0,1
24,UCR,U_lstm_autoencoder_2.0-UCR,025-DISTORTEDInternalBleeding14,1dba7dd2-0,20.653515,0.6666666666666666,,1,0,1
25,UCR,U_lstm_autoencoder_2.0-UCR,026-DISTORTEDInternalBleeding15,1dba7dd2-0,17.055628,0.0,,1,1,0
26,UCR,U_lstm_autoencoder_2.0-UCR,027-DISTORTEDInternalBleeding16,1dba7dd2-0,14.690032,0.5,,2,0,1
27,UCR,U_lstm_autoencoder_2.0-UCR,028-DISTORTEDInternalBleeding17,1dba7dd2-0,16.055521,0.0,,1,1,0
28,UCR,U_lstm_autoencoder_2.0-UCR,029-DISTORTEDInternalBleeding18,1dba7dd2-0,18.825404,0.0,,1,1,0
29,UCR,U_lstm_autoencoder_2.0-UCR,030-DISTORTEDInternalBleeding19,1dba7dd2-0,21.420414,0.6666666666666666,,1,0,1
30,UCR,U_lstm_autoencoder_2.0-UCR,031-DISTORTEDInternalBleeding20,1dba7dd2-0,20.874464,0.5,,2,0,1
31,UCR,U_lstm_autoencoder_2.0-UCR,032-DISTORTEDInternalBleeding4,1dba7dd2-0,40.871041,1.0,,0,0,1
32,UCR,U_lstm_autoencoder_2.0-UCR,033-DISTORTEDInternalBleeding5,1dba7dd2-0,25.009672,0.6666666666666666,,1,0,1
33,UCR,U_lstm_autoencoder_2.0-UCR,034-DISTORTEDInternalBleeding6,1dba7dd2-0,16.166115,0.5,,2,0,1
34,UCR,U_lstm_autoencoder_2.0-UCR,035-DISTORTEDInternalBleeding8,1dba7dd2-0,19.617357,0.0,,0,1,0
35,UCR,U_lstm_autoencoder_2.0-UCR,036-DISTORTEDInternalBleeding9,1dba7dd2-0,26.233578,0.0,,2,1,0
36,UCR,U_lstm_autoencoder_2.0-UCR,037-DISTORTEDLab2Cmac011215EPG1,1dba7dd2-0,50.122696,0.5,,2,0,1
37,UCR,U_lstm_autoencoder_2.0-UCR,038-DISTORTEDLab2Cmac011215EPG2,1dba7dd2-0,50.167931,0.0,,1,1,0
38,UCR,U_lstm_autoencoder_2.0-UCR,039-DISTORTEDLab2Cmac011215EPG3,1dba7dd2-0,52.968818,0.0,,2,1,0
39,UCR,U_lstm_autoencoder_2.0-UCR,040-DISTORTEDLab2Cmac011215EPG4,1dba7dd2-0,55.557474,0.5,,2,0,1
40,UCR,U_lstm_autoencoder_2.0-UCR,041-DISTORTEDLab2Cmac011215EPG5,1dba7dd2-0,57.576591,0.6666666666666666,,1,0,1
41,UCR,U_lstm_autoencoder_2.0-UCR,042-DISTORTEDLab2Cmac011215EPG6,1dba7dd2-0,55.988164,0.0,,2,1,0
42,UCR,U_lstm_autoencoder_2.0-UCR,043-DISTORTEDMesoplodonDensirostris,1dba7dd2-0,50.350365,0.0,,0,1,0
43,UCR,U_lstm_autoencoder_2.0-UCR,044-DISTORTEDPowerDemand1,1dba7dd2-0,63.121261,0.0,,2,1,0
44,UCR,U_lstm_autoencoder_2.0-UCR,045-DISTORTEDPowerDemand2,1dba7dd2-0,81.731534,0.6666666666666666,,1,0,1
45,UCR,U_lstm_autoencoder_2.0-UCR,046-DISTORTEDPowerDemand3,1dba7dd2-0,87.965055,0.6666666666666666,,1,0,1
46,UCR,U_lstm_autoencoder_2.0-UCR,047-DISTORTEDPowerDemand4,1dba7dd2-0,96.512573,0.6666666666666666,,1,0,1
47,UCR,U_lstm_autoencoder_2.0-UCR,048-DISTORTEDTkeepFifthMARS,1dba7dd2-0,27.018295,0.0,,1,1,0
48,UCR,U_lstm_autoencoder_2.0-UCR,049-DISTORTEDTkeepFirstMARS,1dba7dd2-0,27.121153,0.0,,0,1,0
49,UCR,U_lstm_autoencoder_2.0-UCR,050-DISTORTEDTkeepForthMARS,1dba7dd2-0,26.725214,0.0,,1,1,0
50,UCR,U_lstm_autoencoder_2.0-UCR,051-DISTORTEDTkeepSecondMARS,1dba7dd2-0,27.189335,0.0,,0,1,0
51,UCR,U_lstm_autoencoder_2.0-UCR,052-DISTORTEDTkeepThirdMARS,1dba7dd2-0,27.458525,0.0,,0,1,0
52,UCR,U_lstm_autoencoder_2.0-UCR,053-DISTORTEDWalkingAceleration1,1dba7dd2-0,15.654725,0.0,,0,1,0
53,UCR,U_lstm_autoencoder_2.0-UCR,054-DISTORTEDWalkingAceleration5,1dba7dd2-0,16.743272,1.0,,0,0,1
54,UCR,U_lstm_autoencoder_2.0-UCR,055-DISTORTEDapneaecg2,1dba7dd2-0,48.781393,0.0,,0,1,0
55,UCR,U_lstm_autoencoder_2.0-UCR,056-DISTORTEDapneaecg3,1dba7dd2-0,129.942651,0.0,,0,1,0
56,UCR,U_lstm_autoencoder_2.0-UCR,057-DISTORTEDapneaecg4,1dba7dd2-0,44.415448,0.0,,0,1,0
57,UCR,U_lstm_autoencoder_2.0-UCR,058-DISTORTEDapneaecg,1dba7dd2-0,49.566855,0.0,,0,1,0
58,UCR,U_lstm_autoencoder_2.0-UCR,059-DISTORTEDgait1,1dba7dd2-0,137.222551,1.0,,0,0,1
59,UCR,U_lstm_autoencoder_2.0-UCR,060-DISTORTEDgait2,1dba7dd2-0,141.626045,0.0,,1,1,0
60,UCR,U_lstm_autoencoder_2.0-UCR,061-DISTORTEDgait3,1dba7dd2-0,154.913737,0.0,,1,1,0
61,UCR,U_lstm_autoencoder_2.0-UCR,062-DISTORTEDgaitHunt1,1dba7dd2-0,112.534496,1.0,,0,0,1
62,UCR,U_lstm_autoencoder_2.0-UCR,063-DISTORTEDgaitHunt2,1dba7dd2-0,109.265181,0.0,,0,1,0
63,UCR,U_lstm_autoencoder_2.0-UCR,064-DISTORTEDgaitHunt3,1dba7dd2-0,103.83246,0.0,,1,1,0
64,UCR,U_lstm_autoencoder_2.0-UCR,065-DISTORTEDinsectEPG1,1dba7dd2-0,23.886946,0.0,,1,1,0
65,UCR,U_lstm_autoencoder_2.0-UCR,066-DISTORTEDinsectEPG2,1dba7dd2-0,26.825832,0.6666666666666666,,1,0,1
66,UCR,U_lstm_autoencoder_2.0-UCR,067-DISTORTEDinsectEPG3,1dba7dd2-0,32.086751,0.0,,2,1,0
67,UCR,U_lstm_autoencoder_2.0-UCR,068-DISTORTEDinsectEPG4,1dba7dd2-0,17.543305,0.0,,1,1,0
68,UCR,U_lstm_autoencoder_2.0-UCR,069-DISTORTEDinsectEPG5,1dba7dd2-0,24.975408,1.0,,0,0,1
69,UCR,U_lstm_autoencoder_2.0-UCR,070-DISTORTEDltstdbs30791AI,1dba7dd2-0,117.103711,1.0,,0,0,1
70,UCR,U_lstm_autoencoder_2.0-UCR,071-DISTORTEDltstdbs30791AS,1dba7dd2-0,138.694012,0.6666666666666666,,1,0,1
71,UCR,U_lstm_autoencoder_2.0-UCR,072-DISTORTEDltstdbs30791ES,1dba7dd2-0,112.84864,0.0,,0,1,0
72,UCR,U_lstm_autoencoder_2.0-UCR,073-DISTORTEDpark3m,1dba7dd2-0,301.577218,0.0,,0,1,0
73,UCR,U_lstm_autoencoder_2.0-UCR,074-DISTORTEDqtdbSel1005V,1dba7dd2-0,46.742678,0.0,,0,1,0
74,UCR,U_lstm_autoencoder_2.0-UCR,075-DISTORTEDqtdbSel100MLII,1dba7dd2-0,34.369017,0.0,,0,1,0
75,UCR,U_lstm_autoencoder_2.0-UCR,076-DISTORTEDresperation10,1dba7dd2-0,310.567726,0.6666666666666666,,1,0,1
76,UCR,U_lstm_autoencoder_2.0-UCR,077-DISTORTEDresperation11,1dba7dd2-0,300.103511,0.6666666666666666,,1,0,1
77,UCR,U_lstm_autoencoder_2.0-UCR,078-DISTORTEDresperation1,1dba7dd2-0,311.33517,0.0,,0,1,0
78,UCR,U_lstm_autoencoder_2.0-UCR,079-DISTORTEDresperation2,1dba7dd2-0,263.076756,0.0,,1,1,0
79,UCR,U_lstm_autoencoder_2.0-UCR,080-DISTORTEDresperation2,1dba7dd2-0,241.589889,0.0,,1,1,0
80,UCR,U_lstm_autoencoder_2.0-UCR,081-DISTORTEDresperation3,1dba7dd2-0,270.672936,0.0,,1,1,0
81,UCR,U_lstm_autoencoder_2.0-UCR,082-DISTORTEDresperation4,1dba7dd2-0,280.867396,0.0,,0,1,0
82,UCR,U_lstm_autoencoder_2.0-UCR,083-DISTORTEDresperation9,1dba7dd2-0,301.341386,0.5,,2,0,1
83,UCR,U_lstm_autoencoder_2.0-UCR,084-DISTORTEDs20101mML2,1dba7dd2-0,84.71722,0.6666666666666666,,1,0,1
84,UCR,U_lstm_autoencoder_2.0-UCR,085-DISTORTEDs20101m,1dba7dd2-0,77.421529,0.6666666666666666,,1,0,1
85,UCR,U_lstm_autoencoder_2.0-UCR,086-DISTORTEDsddb49,1dba7dd2-0,93.880718,0.0,,0,1,0
86,UCR,U_lstm_autoencoder_2.0-UCR,087-DISTORTEDsel840mECG1,1dba7dd2-0,120.237744,0.6666666666666666,,1,0,1
87,UCR,U_lstm_autoencoder_2.0-UCR,088-DISTORTEDsel840mECG2,1dba7dd2-0,127.936412,0.0,,4,1,0
88,UCR,U_lstm_autoencoder_2.0-UCR,089-DISTORTEDtiltAPB1,1dba7dd2-0,488.614312,1.0,,0,0,1
89,UCR,U_lstm_autoencoder_2.0-UCR,090-DISTORTEDtiltAPB2,1dba7dd2-0,295.608541,0.4,,3,0,1
90,UCR,U_lstm_autoencoder_2.0-UCR,091-DISTORTEDtiltAPB3,1dba7dd2-0,222.548533,0.0,,3,1,0
91,UCR,U_lstm_autoencoder_2.0-UCR,092-DISTORTEDtiltAPB4,1dba7dd2-0,191.739843,0.6666666666666666,,1,0,1
92,UCR,U_lstm_autoencoder_2.0-UCR,093-NOISE1sddb40,1dba7dd2-0,202.508508,0.5,,2,0,1
93,UCR,U_lstm_autoencoder_2.0-UCR,094-NOISEBIDMC1,1dba7dd2-0,23.043204,1.0,,0,0,1
94,UCR,U_lstm_autoencoder_2.0-UCR,095-NOISECIMIS44AirTemperature4,1dba7dd2-0,25.325705,0.6666666666666666,,1,0,1
95,UCR,U_lstm_autoencoder_2.0-UCR,096-NOISEECG4,1dba7dd2-0,41.747854,0.0,,0,1,0
96,UCR,U_lstm_autoencoder_2.0-UCR,097-NOISEGP711MarkerLFM5z3,1dba7dd2-0,28.286728,0.0,,0,1,0
97,UCR,U_lstm_autoencoder_2.0-UCR,098-NOISEInternalBleeding16,1dba7dd2-0,15.417935,0.0,,2,1,0
98,UCR,U_lstm_autoencoder_2.0-UCR,099-NOISEInternalBleeding6,1dba7dd2-0,16.487442,0.6666666666666666,,1,0,1
99,UCR,U_lstm_autoencoder_2.0-UCR,100-NOISELab2Cmac011215EPG1,1dba7dd2-0,52.95736,0.5,,2,0,1
100,UCR,U_lstm_autoencoder_2.0-UCR,101-NOISELab2Cmac011215EPG4,1dba7dd2-0,54.01648,0.5,,2,0,1
101,UCR,U_lstm_autoencoder_2.0-UCR,102-NOISEMesoplodonDensirostris,1dba7dd2-0,39.915178,0.0,,0,1,0
102,UCR,U_lstm_autoencoder_2.0-UCR,103-NOISETkeepThirdMARS,1dba7dd2-0,23.867451,1.0,,0,0,1
103,UCR,U_lstm_autoencoder_2.0-UCR,104-NOISEapneaecg4,1dba7dd2-0,45.85695,0.0,,0,1,0
104,UCR,U_lstm_autoencoder_2.0-UCR,105-NOISEgait3,1dba7dd2-0,123.044101,0.0,,0,1,0
105,UCR,U_lstm_autoencoder_2.0-UCR,106-NOISEgaitHunt2,1dba7dd2-0,101.143752,0.0,,1,1,0
106,UCR,U_lstm_autoencoder_2.0-UCR,107-NOISEinsectEPG3,1dba7dd2-0,31.979014,0.0,,2,1,0
107,UCR,U_lstm_autoencoder_2.0-UCR,108-NOISEresperation2,1dba7dd2-0,289.373192,0.0,,0,1,0
108,UCR,U_lstm_autoencoder_2.0-UCR,109-1sddb40,1dba7dd2-0,204.840085,0.6666666666666666,,1,0,1
109,UCR,U_lstm_autoencoder_2.0-UCR,110-2sddb40,1dba7dd2-0,200.00578,0.0,,2,1,0
110,UCR,U_lstm_autoencoder_2.0-UCR,111-3sddb40,1dba7dd2-0,207.404386,0.5,,2,0,1
111,UCR,U_lstm_autoencoder_2.0-UCR,112-BIDMC1,1dba7dd2-0,22.860381,1.0,,0,0,1
112,UCR,U_lstm_autoencoder_2.0-UCR,113-CIMIS44AirTemperature1,1dba7dd2-0,25.76475,0.0,,1,1,0
113,UCR,U_lstm_autoencoder_2.0-UCR,114-CIMIS44AirTemperature2,1dba7dd2-0,27.129517,1.0,,0,0,1
114,UCR,U_lstm_autoencoder_2.0-UCR,115-CIMIS44AirTemperature3,1dba7dd2-0,25.554982,0.6666666666666666,,1,0,1
115,UCR,U_lstm_autoencoder_2.0-UCR,116-CIMIS44AirTemperature4,1dba7dd2-0,25.262224,1.0,,0,0,1
116,UCR,U_lstm_autoencoder_2.0-UCR,117-CIMIS44AirTemperature5,1dba7dd2-0,25.48169,1.0,,0,0,1
117,UCR,U_lstm_autoencoder_2.0-UCR,118-CIMIS44AirTemperature6,1dba7dd2-0,25.354975,0.6666666666666666,,1,0,1
118,UCR,U_lstm_autoencoder_2.0-UCR,119-ECG1,1dba7dd2-0,67.604662,0.4,,3,0,1
119,UCR,U_lstm_autoencoder_2.0-UCR,120-ECG2,1dba7dd2-0,69.277351,0.5,,2,0,1
120,UCR,U_lstm_autoencoder_2.0-UCR,121-ECG3,1dba7dd2-0,84.922739,0.5,,2,0,1
121,UCR,U_lstm_autoencoder_2.0-UCR,122-ECG3,1dba7dd2-0,60.623636,0.0,,2,1,0
122,UCR,U_lstm_autoencoder_2.0-UCR,123-ECG4,1dba7dd2-0,211.255032,0.25,,6,0,1
123,UCR,U_lstm_autoencoder_2.0-UCR,124-ECG4,1dba7dd2-0,53.355146,0.5,,2,0,1
124,UCR,U_lstm_autoencoder_2.0-UCR,125-ECG4,1dba7dd2-0,42.364565,0.0,,0,1,0
125,UCR,U_lstm_autoencoder_2.0-UCR,126-ECG4,1dba7dd2-0,39.868467,0.0,,0,1,0
126,UCR,U_lstm_autoencoder_2.0-UCR,127-GP711MarkerLFM5z1,1dba7dd2-0,33.112643,0.0,,1,1,0
127,UCR,U_lstm_autoencoder_2.0-UCR,128-GP711MarkerLFM5z2,1dba7dd2-0,33.083799,1.0,,0,0,1
128,UCR,U_lstm_autoencoder_2.0-UCR,129-GP711MarkerLFM5z3,1dba7dd2-0,35.378638,0.5,,2,0,1
129,UCR,U_lstm_autoencoder_2.0-UCR,130-GP711MarkerLFM5z4,1dba7dd2-0,29.619106,1.0,,0,0,1
130,UCR,U_lstm_autoencoder_2.0-UCR,131-GP711MarkerLFM5z5,1dba7dd2-0,33.441164,0.6666666666666666,,1,0,1
131,UCR,U_lstm_autoencoder_2.0-UCR,132-InternalBleeding10,1dba7dd2-0,22.362535,1.0,,0,0,1
132,UCR,U_lstm_autoencoder_2.0-UCR,133-InternalBleeding14,1dba7dd2-0,20.806679,0.6666666666666666,,1,0,1
133,UCR,U_lstm_autoencoder_2.0-UCR,134-InternalBleeding15,1dba7dd2-0,19.593556,0.5,,2,0,1
134,UCR,U_lstm_autoencoder_2.0-UCR,135-InternalBleeding16,1dba7dd2-0,15.34592,0.6666666666666666,,1,0,1
135,UCR,U_lstm_autoencoder_2.0-UCR,136-InternalBleeding17,1dba7dd2-0,17.275757,0.0,,2,1,0
136,UCR,U_lstm_autoencoder_2.0-UCR,137-InternalBleeding18,1dba7dd2-0,18.624579,1.0,,0,0,1
137,UCR,U_lstm_autoencoder_2.0-UCR,138-InternalBleeding19,1dba7dd2-0,21.981517,1.0,,0,0,1
138,UCR,U_lstm_autoencoder_2.0-UCR,139-InternalBleeding20,1dba7dd2-0,20.70567,0.5,,2,0,1
139,UCR,U_lstm_autoencoder_2.0-UCR,140-InternalBleeding4,1dba7dd2-0,14.485427,1.0,,0,0,1
140,UCR,U_lstm_autoencoder_2.0-UCR,141-InternalBleeding5,1dba7dd2-0,25.210151,0.6666666666666666,,1,0,1
141,UCR,U_lstm_autoencoder_2.0-UCR,142-InternalBleeding6,1dba7dd2-0,16.461694,0.5,,2,0,1
142,UCR,U_lstm_autoencoder_2.0-UCR,143-InternalBleeding8,1dba7dd2-0,19.481428,0.0,,0,1,0
143,UCR,U_lstm_autoencoder_2.0-UCR,144-InternalBleeding9,1dba7dd2-0,26.175285,0.0,,1,1,0
144,UCR,U_lstm_autoencoder_2.0-UCR,145-Lab2Cmac011215EPG1,1dba7dd2-0,50.883481,0.5,,2,0,1
145,UCR,U_lstm_autoencoder_2.0-UCR,146-Lab2Cmac011215EPG2,1dba7dd2-0,50.347289,0.0,,2,1,0
146,UCR,U_lstm_autoencoder_2.0-UCR,147-Lab2Cmac011215EPG3,1dba7dd2-0,48.545451,0.0,,2,1,0
147,UCR,U_lstm_autoencoder_2.0-UCR,148-Lab2Cmac011215EPG4,1dba7dd2-0,54.126584,0.5,,2,0,1
148,UCR,U_lstm_autoencoder_2.0-UCR,149-Lab2Cmac011215EPG5,1dba7dd2-0,57.433681,0.5,,2,0,1
149,UCR,U_lstm_autoencoder_2.0-UCR,150-Lab2Cmac011215EPG6,1dba7dd2-0,57.089379,0.0,,2,1,0
150,UCR,U_lstm_autoencoder_2.0-UCR,151-MesoplodonDensirostris,1dba7dd2-0,51.988404,0.0,,0,1,0
151,UCR,U_lstm_autoencoder_2.0-UCR,152-PowerDemand1,1dba7dd2-0,63.574957,0.0,,3,1,0
152,UCR,U_lstm_autoencoder_2.0-UCR,153-PowerDemand2,1dba7dd2-0,81.376652,0.6666666666666666,,1,0,1
153,UCR,U_lstm_autoencoder_2.0-UCR,154-PowerDemand3,1dba7dd2-0,87.969974,0.6666666666666666,,1,0,1
154,UCR,U_lstm_autoencoder_2.0-UCR,155-PowerDemand4,1dba7dd2-0,95.99355,0.6666666666666666,,1,0,1
155,UCR,U_lstm_autoencoder_2.0-UCR,156-TkeepFifthMARS,1dba7dd2-0,26.807342,0.0,,0,1,0
156,UCR,U_lstm_autoencoder_2.0-UCR,157-TkeepFirstMARS,1dba7dd2-0,27.376849,0.0,,0,1,0
157,UCR,U_lstm_autoencoder_2.0-UCR,158-TkeepForthMARS,1dba7dd2-0,26.76967,0.0,,0,1,0
158,UCR,U_lstm_autoencoder_2.0-UCR,159-TkeepSecondMARS,1dba7dd2-0,27.084038,1.0,,0,0,1
159,UCR,U_lstm_autoencoder_2.0-UCR,160-TkeepThirdMARS,1dba7dd2-0,27.396889,0.0,,0,1,0
160,UCR,U_lstm_autoencoder_2.0-UCR,161-WalkingAceleration1,1dba7dd2-0,15.526817,0.0,,2,1,0
161,UCR,U_lstm_autoencoder_2.0-UCR,162-WalkingAceleration5,1dba7dd2-0,17.886774,1.0,,0,0,1
162,UCR,U_lstm_autoencoder_2.0-UCR,163-apneaecg2,1dba7dd2-0,46.325264,0.0,,0,1,0
163,UCR,U_lstm_autoencoder_2.0-UCR,164-apneaecg3,1dba7dd2-0,43.198893,0.0,,0,1,0
164,UCR,U_lstm_autoencoder_2.0-UCR,165-apneaecg4,1dba7dd2-0,44.414801,0.0,,0,1,0
165,UCR,U_lstm_autoencoder_2.0-UCR,166-apneaecg,1dba7dd2-0,60.662944,0.0,,0,1,0
166,UCR,U_lstm_autoencoder_2.0-UCR,167-gait1,1dba7dd2-0,110.685126,1.0,,0,0,1
167,UCR,U_lstm_autoencoder_2.0-UCR,168-gait2,1dba7dd2-0,141.681536,1.0,,0,0,1
168,UCR,U_lstm_autoencoder_2.0-UCR,169-gait3,1dba7dd2-0,151.726088,0.0,,1,1,0
169,UCR,U_lstm_autoencoder_2.0-UCR,170-gaitHunt1,1dba7dd2-0,108.037761,1.0,,0,0,1
170,UCR,U_lstm_autoencoder_2.0-UCR,171-gaitHunt2,1dba7dd2-0,200.673311,0.5,,2,0,1
171,UCR,U_lstm_autoencoder_2.0-UCR,172-gaitHunt3,1dba7dd2-0,146.884691,0.6666666666666666,,1,0,1
172,UCR,U_lstm_autoencoder_2.0-UCR,173-insectEPG1,1dba7dd2-0,24.046611,0.0,,3,1,0
173,UCR,U_lstm_autoencoder_2.0-UCR,174-insectEPG2,1dba7dd2-0,26.252289,0.5,,2,0,1
174,UCR,U_lstm_autoencoder_2.0-UCR,175-insectEPG3,1dba7dd2-0,34.538401,0.0,,2,1,0
175,UCR,U_lstm_autoencoder_2.0-UCR,176-insectEPG4,1dba7dd2-0,16.774187,0.0,,1,1,0
176,UCR,U_lstm_autoencoder_2.0-UCR,177-insectEPG5,1dba7dd2-0,28.281844,0.6666666666666666,,1,0,1
177,UCR,U_lstm_autoencoder_2.0-UCR,178-ltstdbs30791AI,1dba7dd2-0,120.907079,1.0,,0,0,1
178,UCR,U_lstm_autoencoder_2.0-UCR,179-ltstdbs30791AS,1dba7dd2-0,137.755567,1.0,,0,0,1
179,UCR,U_lstm_autoencoder_2.0-UCR,180-ltstdbs30791ES,1dba7dd2-0,121.045242,1.0,,0,0,1
180,UCR,U_lstm_autoencoder_2.0-UCR,181-park3m,1dba7dd2-0,231.647493,0.6666666666666666,,1,0,1
181,UCR,U_lstm_autoencoder_2.0-UCR,182-qtdbSel1005V,1dba7dd2-0,45.184733,0.0,,0,1,0
182,UCR,U_lstm_autoencoder_2.0-UCR,183-qtdbSel100MLII,1dba7dd2-0,41.393916,0.0,,1,1,0
183,UCR,U_lstm_autoencoder_2.0-UCR,184-resperation10,1dba7dd2-0,303.845767,0.5,,2,0,1
184,UCR,U_lstm_autoencoder_2.0-UCR,185-resperation11,1dba7dd2-0,311.798829,0.3333333333333333,,4,0,1
185,UCR,U_lstm_autoencoder_2.0-UCR,186-resperation1,1dba7dd2-0,408.497429,0.0,,1,1,0
186,UCR,U_lstm_autoencoder_2.0-UCR,187-resperation2,1dba7dd2-0,281.269907,0.0,,8,1,0
187,UCR,U_lstm_autoencoder_2.0-UCR,188-resperation2,1dba7dd2-0,232.292272,0.0,,2,1,0
188,UCR,U_lstm_autoencoder_2.0-UCR,189-resperation3,1dba7dd2-0,311.402078,0.0,,3,1,0
189,UCR,U_lstm_autoencoder_2.0-UCR,190-resperation4,1dba7dd2-0,296.917413,0.0,,1,1,0
190,UCR,U_lstm_autoencoder_2.0-UCR,191-resperation9,1dba7dd2-0,266.483266,0.6666666666666666,,1,0,1
191,UCR,U_lstm_autoencoder_2.0-UCR,192-s20101mML2,1dba7dd2-0,84.777246,0.6666666666666666,,1,0,1
192,UCR,U_lstm_autoencoder_2.0-UCR,193-s20101m,1dba7dd2-0,74.89702,0.5,,2,0,1
193,UCR,U_lstm_autoencoder_2.0-UCR,194-sddb49,1dba7dd2-0,88.332108,0.0,,0,1,0
194,UCR,U_lstm_autoencoder_2.0-UCR,195-sel840mECG1,1dba7dd2-0,116.036405,0.4,,3,0,1
195,UCR,U_lstm_autoencoder_2.0-UCR,196-sel840mECG2,1dba7dd2-0,118.970062,0.0,,4,1,0
196,UCR,U_lstm_autoencoder_2.0-UCR,197-tiltAPB1,1dba7dd2-0,482.491426,0.5,,2,0,1
197,UCR,U_lstm_autoencoder_2.0-UCR,198-tiltAPB2,1dba7dd2-0,296.191925,0.2857142857142857,,5,0,1
198,UCR,U_lstm_autoencoder_2.0-UCR,199-tiltAPB3,1dba7dd2-0,192.175572,0.3333333333333333,,4,0,1
199,UCR,U_lstm_autoencoder_2.0-UCR,200-tiltAPB4,1dba7dd2-0,186.553663,0.0,,4,1,0
200,UCR,U_lstm_autoencoder_2.0-UCR,201-CHARISfive,1dba7dd2-0,79.029275,1.0,,0,0,1
201,UCR,U_lstm_autoencoder_2.0-UCR,202-CHARISfive,1dba7dd2-0,56.26437,0.0,,1,1,0
202,UCR,U_lstm_autoencoder_2.0-UCR,203-CHARISfive,1dba7dd2-0,83.613094,0.0,,0,1,0
203,UCR,U_lstm_autoencoder_2.0-UCR,204-CHARISfive,1dba7dd2-0,86.861707,0.6666666666666666,,1,0,1
204,UCR,U_lstm_autoencoder_2.0-UCR,205-CHARISfive,1dba7dd2-0,78.704528,0.0,,1,1,0
205,UCR,U_lstm_autoencoder_2.0-UCR,206-CHARISten,1dba7dd2-0,75.531328,0.5,,2,0,1
206,UCR,U_lstm_autoencoder_2.0-UCR,207-CHARISten,1dba7dd2-0,52.989423,0.6666666666666666,,1,0,1
207,UCR,U_lstm_autoencoder_2.0-UCR,208-CHARISten,1dba7dd2-0,61.953562,1.0,,0,0,1
208,UCR,U_lstm_autoencoder_2.0-UCR,209-Fantasia,1dba7dd2-0,145.582771,0.0,,0,1,0
209,UCR,U_lstm_autoencoder_2.0-UCR,210-Italianpowerdemand,1dba7dd2-0,223.60162,0.0,,1,1,0
210,UCR,U_lstm_autoencoder_2.0-UCR,211-Italianpowerdemand,1dba7dd2-0,253.665815,0.0,,3,1,0
211,UCR,U_lstm_autoencoder_2.0-UCR,212-Italianpowerdemand,1dba7dd2-0,63.794594,0.0,,3,1,0
212,UCR,U_lstm_autoencoder_2.0-UCR,213-STAFFIIIDatabase,1dba7dd2-0,386.879256,0.3333333333333333,,4,0,1
213,UCR,U_lstm_autoencoder_2.0-UCR,214-STAFFIIIDatabase,1dba7dd2-0,365.879288,0.5,,2,0,1
214,UCR,U_lstm_autoencoder_2.0-UCR,215-STAFFIIIDatabase,1dba7dd2-0,383.95047,1.0,,0,0,1
215,UCR,U_lstm_autoencoder_2.0-UCR,216-STAFFIIIDatabase,1dba7dd2-0,321.666798,0.4,,3,0,1
216,UCR,U_lstm_autoencoder_2.0-UCR,217-STAFFIIIDatabase,1dba7dd2-0,379.974025,0.3333333333333333,,4,0,1
217,UCR,U_lstm_autoencoder_2.0-UCR,218-STAFFIIIDatabase,1dba7dd2-0,350.685793,0.5,,2,0,1
218,UCR,U_lstm_autoencoder_2.0-UCR,219-STAFFIIIDatabase,1dba7dd2-0,370.614777,1.0,,0,0,1
219,UCR,U_lstm_autoencoder_2.0-UCR,220-STAFFIIIDatabase,1dba7dd2-0,389.396727,0.6666666666666666,,1,0,1
220,UCR,U_lstm_autoencoder_2.0-UCR,221-STAFFIIIDatabase,1dba7dd2-0,355.265075,1.0,,0,0,1
221,UCR,U_lstm_autoencoder_2.0-UCR,222-mit14046longtermecg,1dba7dd2-0,409.701379,0.125,,14,0,1
222,UCR,U_lstm_autoencoder_2.0-UCR,223-mit14046longtermecg,1dba7dd2-0,340.702697,0.18181818181818182,,9,0,1
223,UCR,U_lstm_autoencoder_2.0-UCR,224-mit14046longtermecg,1dba7dd2-0,465.628932,0.125,,14,0,1
224,UCR,U_lstm_autoencoder_2.0-UCR,225-mit14046longtermecg,1dba7dd2-0,492.68245,0.125,,14,0,1
225,UCR,U_lstm_autoencoder_2.0-UCR,226-mit14046longtermecg,1dba7dd2-0,530.376225,0.2857142857142857,,5,0,1
226,UCR,U_lstm_autoencoder_2.0-UCR,227-mit14134longtermecg,1dba7dd2-0,96.454622,0.0,,1,1,0
227,UCR,U_lstm_autoencoder_2.0-UCR,228-mit14134longtermecg,1dba7dd2-0,71.349311,0.0,,1,1,0
228,UCR,U_lstm_autoencoder_2.0-UCR,229-mit14134longtermecg,1dba7dd2-0,114.200233,0.0,,2,1,0
229,UCR,U_lstm_autoencoder_2.0-UCR,230-mit14134longtermecg,1dba7dd2-0,96.855538,0.0,,3,1,0
230,UCR,U_lstm_autoencoder_2.0-UCR,231-mit14134longtermecg,1dba7dd2-0,67.289636,0.0,,2,1,0
231,UCR,U_lstm_autoencoder_2.0-UCR,232-mit14134longtermecg,1dba7dd2-0,68.879598,0.0,,1,1,0
232,UCR,U_lstm_autoencoder_2.0-UCR,233-mit14157longtermecg,1dba7dd2-0,159.998092,0.0,,4,1,0
233,UCR,U_lstm_autoencoder_2.0-UCR,234-mit14157longtermecg,1dba7dd2-0,159.572711,0.0,,5,1,0
234,UCR,U_lstm_autoencoder_2.0-UCR,235-mit14157longtermecg,1dba7dd2-0,162.249129,0.0,,11,1,0
235,UCR,U_lstm_autoencoder_2.0-UCR,236-mit14157longtermecg,1dba7dd2-0,129.944012,0.0,,7,1,0
236,UCR,U_lstm_autoencoder_2.0-UCR,237-mit14157longtermecg,1dba7dd2-0,163.04668,0.2222222222222222,,7,0,1
237,UCR,U_lstm_autoencoder_2.0-UCR,238-mit14157longtermecg,1dba7dd2-0,173.56251,0.2,,8,0,1
238,UCR,U_lstm_autoencoder_2.0-UCR,239-taichidbS0715Master,1dba7dd2-0,1201.563486,0.2222222222222222,,7,0,1
239,UCR,U_lstm_autoencoder_2.0-UCR,240-taichidbS0715Master,1dba7dd2-0,1697.277164,0.0,,13,1,0
240,UCR,U_lstm_autoencoder_2.0-UCR,241-taichidbS0715Master,1dba7dd2-0,1486.150426,0.0,,16,1,0
241,UCR,U_lstm_autoencoder_2.0-UCR,242-tilt12744mtable,1dba7dd2-0,500.171214,0.0,,5,1,0
242,UCR,U_lstm_autoencoder_2.0-UCR,243-tilt12744mtable,1dba7dd2-0,350.081058,0.4,,3,0,1
243,UCR,U_lstm_autoencoder_2.0-UCR,244-tilt12754table,1dba7dd2-0,477.096357,0.0,,3,1,0
244,UCR,U_lstm_autoencoder_2.0-UCR,245-tilt12754table,1dba7dd2-0,517.592642,0.4,,3,0,1
245,UCR,U_lstm_autoencoder_2.0-UCR,246-tilt12755mtable,1dba7dd2-0,480.221631,0.5,,2,0,1
246,UCR,U_lstm_autoencoder_2.0-UCR,247-tilt12755mtable,1dba7dd2-0,361.88694,0.0,,4,1,0
247,UCR,U_lstm_autoencoder_2.0-UCR,248-weallwalk,1dba7dd2-0,15.827871,0.0,,0,1,0
248,UCR,U_lstm_autoencoder_2.0-UCR,249-weallwalk,1dba7dd2-0,17.621789,0.0,,0,1,0
249,UCR,U_lstm_autoencoder_2.0-UCR,250-weallwalk,1dba7dd2-0,17.335934,0.0,,0,1,0
